"DESCRIPTION","DURATION IN MS","NAME","PARENT SUITE","START TIME","STATUS","STOP TIME","SUB SUITE","SUITE","TEST CLASS","TEST METHOD"
"","42900","TC01 - Assign Leave to Employee","Surefire suite","Fri Jan 02 17:52:00 UTC 2026","broken","Fri Jan 02 17:52:43 UTC 2026","project_orangehrm.Test.Leave_Operations_Test","Surefire test","project_orangehrm.Test.Leave_Operations_Test","verifyAssignLeave_Success"
"","33509","TC12 - Verify error when creating a duplicate License","Surefire suite","Fri Jan 02 17:59:14 UTC 2026","passed","Fri Jan 02 17:59:48 UTC 2026","project_orangehrm.Test.Admin_Qualifications_Test","Surefire test","project_orangehrm.Test.Admin_Qualifications_Test","verifyLicenses_DuplicateEntry_ShowError"
"","15754","TC02 - Verify Add Entitlement Validation","Surefire suite","Fri Jan 02 17:51:24 UTC 2026","passed","Fri Jan 02 17:51:40 UTC 2026","project_orangehrm.Test.Leave_Entitlements_Test","Surefire test","project_orangehrm.Test.Leave_Entitlements_Test","verifyAddEntitlement_Validation_Error"
"","1","TC09 - Verify Hire Candidate","Surefire suite","Fri Jan 02 17:54:13 UTC 2026","skipped","Fri Jan 02 17:54:13 UTC 2026","project_orangehrm.Test.Recruitment_CandidateWorkflow_Test","Surefire test","project_orangehrm.Test.Recruitment_CandidateWorkflow_Test","verifyCandidate_Hire_Success"
"","0","TC11 - Verify Delete Candidate","Surefire suite","Fri Jan 02 17:54:24 UTC 2026","skipped","Fri Jan 02 17:54:24 UTC 2026","project_orangehrm.Test.Recruitment_CandidateWorkflow_Test","Surefire test","project_orangehrm.Test.Recruitment_CandidateWorkflow_Test","verifyCandidate_Delete_Success"
"","0","TC18 - Verify updating an existing Work Shift","Surefire suite","Fri Jan 02 18:00:20 UTC 2026","skipped","Fri Jan 02 18:00:20 UTC 2026","project_orangehrm.Test.AdminJobTest","Surefire test","project_orangehrm.Test.AdminJobTest","verifyWorkShift_Update_Success"
"","22899","TC06 - Verify Education Level Lifecycle: Create, Edit, Delete","Surefire suite","Fri Jan 02 17:55:49 UTC 2026","failed","Fri Jan 02 17:56:12 UTC 2026","project_orangehrm.Test.Admin_Qualifications_Test","Surefire test","project_orangehrm.Test.Admin_Qualifications_Test","verifyEducation_Lifecycle_Edit"
"","0","TC05 - Negative: Verify Cancellation of Post Deletion","Surefire suite","Fri Jan 02 17:55:42 UTC 2026","skipped","Fri Jan 02 17:55:42 UTC 2026","project_orangehrm.Test.Buzz_Newsfeed_Test","Surefire test","project_orangehrm.Test.Buzz_Newsfeed_Test","verifyCancelDeletion_Flow"
"","0","TC03 - Verify Vacancy Validation Errors","Surefire suite","Fri Jan 02 17:52:56 UTC 2026","skipped","Fri Jan 02 17:52:56 UTC 2026","project_orangehrm.Test.Recruitment_Vacancies_Test","Surefire test","project_orangehrm.Test.Recruitment_Vacancies_Test","verifyVacancy_EmptyFields_Error"
"","12033","TC03 - Cleanup Employment Status - Freelance - Project Based","Surefire suite","Fri Jan 02 18:22:26 UTC 2026","passed","Fri Jan 02 18:22:38 UTC 2026","project_orangehrm.TestCleaning.AdminTestCleaning","Surefire test","project_orangehrm.TestCleaning.AdminTestCleaning","cleanUpEmploymentStatus"
"","16654","TC01 - Positive: Verify successful login with valid credentials","Surefire suite","Fri Jan 02 17:51:16 UTC 2026","passed","Fri Jan 02 17:51:33 UTC 2026","project_orangehrm.Test.LoginTest","Surefire test","project_orangehrm.Test.LoginTest","verifyLogin_ValidCredentials_Success"
"","9181","TC06 - Verify Expense Type Lifecycle: Create, Verify","Foundation_Suite","Fri Jan 02 17:48:10 UTC 2026","passed","Fri Jan 02 17:48:19 UTC 2026","project_orangehrm.Test.Claim_Configuration_Test","Foundation_Data_Seeding","project_orangehrm.Test.Claim_Configuration_Test","verifyExpenseType_Lifecycle_Success"
"","11830","TC02 - Cleanup Candidate - Decline Candidate","Surefire suite","Fri Jan 02 18:21:49 UTC 2026","passed","Fri Jan 02 18:22:00 UTC 2026","project_orangehrm.TestCleaning.RecruitmentTestCleaning","Surefire test","project_orangehrm.TestCleaning.RecruitmentTestCleaning","cleanUpCandidate_DeclineCandidate"
"","16039","TC07 - Verify My Reviews Reset Filters","Surefire suite","Fri Jan 02 17:56:06 UTC 2026","broken","Fri Jan 02 17:56:22 UTC 2026","project_orangehrm.Test.Performance_MyReviews_Test","Surefire test","project_orangehrm.Test.Performance_MyReviews_Test","verifyMyReviews_ResetFilters_Success"
"","35625","TC12 - Verify updating Employment Status Name","Surefire suite","Fri Jan 02 17:59:24 UTC 2026","passed","Fri Jan 02 18:00:00 UTC 2026","project_orangehrm.Test.AdminJobTest","Surefire test","project_orangehrm.Test.AdminJobTest","verifyEmploymentStatus_Update_Success"
"","39964","TC02 - Verify Add Candidate Validation","Surefire suite","Fri Jan 02 17:51:50 UTC 2026","passed","Fri Jan 02 17:52:30 UTC 2026","project_orangehrm.Test.Recruitment_CandidateWorkflow_Test","Surefire test","project_orangehrm.Test.Recruitment_CandidateWorkflow_Test","verifyCandidate_Add_Validation"
"","12530","TC11 - Verify validation error for empty License Name","Surefire suite","Fri Jan 02 17:58:40 UTC 2026","passed","Fri Jan 02 17:58:53 UTC 2026","project_orangehrm.Test.Admin_Qualifications_Test","Surefire test","project_orangehrm.Test.Admin_Qualifications_Test","verifyLicenses_EmptyFields_ShowError"
"","5","setUp","Surefire suite","Fri Jan 02 17:54:42 UTC 2026","broken","Fri Jan 02 17:54:42 UTC 2026","project_orangehrm.Test.Maintenance_Authentication_Test","Surefire test","project_orangehrm.Test.Maintenance_Authentication_Test","setUp"
"","32082","TC11 - Verify updating Pay Grade Currency Salary","Surefire suite","Fri Jan 02 17:58:35 UTC 2026","broken","Fri Jan 02 17:59:07 UTC 2026","project_orangehrm.Test.AdminJobTest","Surefire test","project_orangehrm.Test.AdminJobTest","verifyPayGrade_UpdateCurrency_Success"
"","0","TC05 - Verify Schedule Interview Validation","Surefire suite","Fri Jan 02 17:54:05 UTC 2026","skipped","Fri Jan 02 17:54:05 UTC 2026","project_orangehrm.Test.Recruitment_CandidateWorkflow_Test","Surefire test","project_orangehrm.Test.Recruitment_CandidateWorkflow_Test","verifyCandidate_ScheduleInterview_Validation"
"","11377","TC10 - Cleanup Language - German-Arabic","Surefire suite","Fri Jan 02 18:24:33 UTC 2026","passed","Fri Jan 02 18:24:44 UTC 2026","project_orangehrm.TestCleaning.AdminTestCleaning","Surefire test","project_orangehrm.TestCleaning.AdminTestCleaning","cleanUpLanguage"
"","8481","TC01 - Verify KPI Lifecycle: Create, Link to Job","Foundation_Suite","Fri Jan 02 17:49:51 UTC 2026","passed","Fri Jan 02 17:49:59 UTC 2026","project_orangehrm.Test.Performance_Configuration_Test","Foundation_Data_Seeding","project_orangehrm.Test.Performance_Configuration_Test","verifyKPI_Lifecycle_Success"
"","21913","TC05 - Verify Search by City and Country filters","Surefire suite","Fri Jan 02 17:55:29 UTC 2026","failed","Fri Jan 02 17:55:51 UTC 2026","project_orangehrm.Test.AdminOrganizationTest","Surefire test","project_orangehrm.Test.AdminOrganizationTest","verifyLocation_SearchFilters_Success"
"","13717","TC03 - Verify Add Employee with Trem","Foundation_Suite","Fri Jan 02 17:46:12 UTC 2026","passed","Fri Jan 02 17:46:26 UTC 2026","project_orangehrm.Test.PIM_Employee_Test","Foundation_Data_Seeding","project_orangehrm.Test.PIM_Employee_Test","verifyEmployee_Trem"
"","35046","TC02 - Verify Skill Lifecycle: Create,Edit and Delete","Surefire suite","Fri Jan 02 17:52:01 UTC 2026","failed","Fri Jan 02 17:52:36 UTC 2026","project_orangehrm.Test.Admin_Qualifications_Test","Surefire test","project_orangehrm.Test.Admin_Qualifications_Test","verifySkills_Lifecycle_Edit"
"","13003","TC07 - Cleanup Report - QA Employee Audit Report","Surefire suite","Fri Jan 02 18:23:30 UTC 2026","passed","Fri Jan 02 18:23:43 UTC 2026","project_orangehrm.TestCleaning.PIMTestCleaning","Surefire test","project_orangehrm.TestCleaning.PIMTestCleaning","cleanUpReport_QAEmployeeAuditReport"
"","0","TC19 - Verify Manage Reviews Complete Review","Surefire suite","Fri Jan 02 17:59:18 UTC 2026","skipped","Fri Jan 02 17:59:18 UTC 2026","project_orangehrm.Test.Performance_MyReviews_Test","Surefire test","project_orangehrm.Test.Performance_MyReviews_Test","verifyManageReviews_Complete_Success"
"","0","TC07 - Verify Directory Empty Search Results","Surefire suite","Fri Jan 02 17:54:18 UTC 2026","skipped","Fri Jan 02 17:54:18 UTC 2026","project_orangehrm.Test.Directory_Test","Surefire test","project_orangehrm.Test.Directory_Test","verifyDirectory_EmptyResults_Success"
"","28512","TC01 - Verify Optional Fields Configuration Save","Surefire suite","Fri Jan 02 17:52:16 UTC 2026","failed","Fri Jan 02 17:52:44 UTC 2026","project_orangehrm.Test.PIM_Configuration_Test","Surefire test","project_orangehrm.Test.PIM_Configuration_Test","verifyOptionalFields_Save_Success"
"","10043","TC02 - Cleanup Post - Updated Text","Surefire suite","Fri Jan 02 18:21:49 UTC 2026","passed","Fri Jan 02 18:21:59 UTC 2026","project_orangehrm.TestCleaning.BuzzTestCleaning","Surefire test","project_orangehrm.TestCleaning.BuzzTestCleaning","cleanUpPost_UpdatedText"
"","1","TC02 - Verify My Claims History Search","Surefire suite","Fri Jan 02 17:54:24 UTC 2026","skipped","Fri Jan 02 17:54:24 UTC 2026","project_orangehrm.Test.Claim_Advanced_Test","Surefire test","project_orangehrm.Test.Claim_Advanced_Test","verifyMyClaims_History"
"","0","TC02 - Verify Nationality Lifecycle: Create, Edit, Delete","Surefire suite","Fri Jan 02 17:54:44 UTC 2026","skipped","Fri Jan 02 17:54:44 UTC 2026","project_orangehrm.Test.Admin_Nationalities_Test","Surefire test","project_orangehrm.Test.Admin_Nationalities_Test","verifyNationality_Lifecycle_Edit"
"","1","TC01 - Generate Project Report","Surefire suite","Fri Jan 02 17:55:03 UTC 2026","skipped","Fri Jan 02 17:55:03 UTC 2026","project_orangehrm.Test.Time_Reports_Test","Surefire test","project_orangehrm.Test.Time_Reports_Test","verifyProjectReport_Generate"
"","13850","TC01 - Verify Directory Page Display","Surefire suite","Fri Jan 02 17:51:44 UTC 2026","failed","Fri Jan 02 17:51:58 UTC 2026","project_orangehrm.Test.Directory_Test","Surefire test","project_orangehrm.Test.Directory_Test","verifyDirectory_Display_Success"
"","30786","TC06 - Verify Dependent Add","Surefire suite","Fri Jan 02 17:56:43 UTC 2026","passed","Fri Jan 02 17:57:13 UTC 2026","project_orangehrm.Test.PIM_EmployeeDetails_Test","Surefire test","project_orangehrm.Test.PIM_EmployeeDetails_Test","verifyDependent_Add_Success"
"","24065","TC02 - Negative: Verify error message when logging in with invalid credentials","Surefire suite","Fri Jan 02 17:51:38 UTC 2026","passed","Fri Jan 02 17:52:02 UTC 2026","project_orangehrm.Test.LoginTest","Surefire test","project_orangehrm.Test.LoginTest","verifyLogin_InvalidCredentials_ShowError"
"","0","TC03 - Verify Select All Checkbox","Surefire suite","Fri Jan 02 17:55:21 UTC 2026","skipped","Fri Jan 02 17:55:21 UTC 2026","project_orangehrm.Test.Maintenance_Safety_Test","Surefire test","project_orangehrm.Test.Maintenance_Safety_Test","verifyPurge_SelectAll_Functionality"
"","13130","TC01 - Verify Add Employee Lifecycle: Create, Search","Foundation_Suite","Fri Jan 02 17:45:28 UTC 2026","failed","Fri Jan 02 17:45:41 UTC 2026","project_orangehrm.Test.PIM_Employee_Test","Foundation_Data_Seeding","project_orangehrm.Test.PIM_Employee_Test","verifyEmployee_Lifecycle_Success"
"","35262","TC08 - Verify Reporting Method Validation & Duplicates","Surefire suite","Fri Jan 02 17:56:33 UTC 2026","passed","Fri Jan 02 17:57:09 UTC 2026","project_orangehrm.Test.PIM_Configuration_Test","Surefire test","project_orangehrm.Test.PIM_Configuration_Test","verifyReportingMethod_Validation_And_Duplicate"
"","0","TC07 - Verify Leave Approve Action","Surefire suite","Fri Jan 02 17:54:09 UTC 2026","skipped","Fri Jan 02 17:54:09 UTC 2026","project_orangehrm.Test.Leave_LeaveList_Test","Surefire test","project_orangehrm.Test.Leave_LeaveList_Test","verifyLeaveList_Approve_Success"
"","0","setup","Surefire suite","Fri Jan 02 17:53:16 UTC 2026","broken","Fri Jan 02 17:53:16 UTC 2026","project_orangehrm.Test.Time_Attendance_Test","Surefire test","project_orangehrm.Test.Time_Attendance_Test","setup"
"","4","setUp","Surefire suite","Fri Jan 02 17:54:49 UTC 2026","broken","Fri Jan 02 17:54:49 UTC 2026","project_orangehrm.Test.Buzz_Newsfeed_Test","Surefire test","project_orangehrm.Test.Buzz_Newsfeed_Test","setUp"
"","1","TC14 - Verify Employee Trackers Add Log","Surefire suite","Fri Jan 02 17:58:58 UTC 2026","skipped","Fri Jan 02 17:58:58 UTC 2026","project_orangehrm.Test.Performance_MyReviews_Test","Surefire test","project_orangehrm.Test.Performance_MyReviews_Test","verifyEmployeeTrackers_AddLog_Success"
"","0","TC8 - Verify Directory Search by Sub Unit","Surefire suite","Fri Jan 02 17:54:24 UTC 2026","skipped","Fri Jan 02 17:54:24 UTC 2026","project_orangehrm.Test.Directory_Test","Surefire test","project_orangehrm.Test.Directory_Test","verifyDirectory_SearchBySubUnit_Success"
"","5355","TC13 - Verify LDAP Configuration Save","Surefire suite","Fri Jan 02 18:00:23 UTC 2026","passed","Fri Jan 02 18:00:28 UTC 2026","project_orangehrm.Test.Admin_Configuration_Test","Surefire test","project_orangehrm.Test.Admin_Configuration_Test","verifyLDAPConfiguration_Save_Success"
"","1","TC02 - Verify Canceling Purge Action in Modal","Surefire suite","Fri Jan 02 17:55:17 UTC 2026","skipped","Fri Jan 02 17:55:17 UTC 2026","project_orangehrm.Test.Maintenance_Safety_Test","Surefire test","project_orangehrm.Test.Maintenance_Safety_Test","verifyPurge_Modal_Cancel"
"","51598","TC03 - Verify Editing Candidate Details (Email/Phone)","Surefire suite","Fri Jan 02 17:54:01 UTC 2026","broken","Fri Jan 02 17:54:53 UTC 2026","project_orangehrm.Test.Recruitment_Search_And_Data_Test","Surefire test","project_orangehrm.Test.Recruitment_Search_And_Data_Test","verifyCandidate_EditInfo_Success"
"","22957","TC10 - Verify Salary Component Add","Surefire suite","Fri Jan 02 17:59:20 UTC 2026","passed","Fri Jan 02 17:59:43 UTC 2026","project_orangehrm.Test.PIM_EmployeeDetails_Test","Surefire test","project_orangehrm.Test.PIM_EmployeeDetails_Test","verifySalary_AddComponent_Success"
"","8073","TC17 - Verify Membership Lifecycle: Create","Surefire suite","Fri Jan 02 18:01:25 UTC 2026","passed","Fri Jan 02 18:01:34 UTC 2026","project_orangehrm.Test.Admin_Qualifications_Test","Surefire test","project_orangehrm.Test.Admin_Qualifications_Test","verifyMemberships_Lifecycle_Success"
"","22549","TC07 - Verify Social Media Authentication Lifecycle : Create, Verify, Delete","Surefire suite","Fri Jan 02 17:57:22 UTC 2026","passed","Fri Jan 02 17:57:44 UTC 2026","project_orangehrm.Test.Admin_Configuration_Test","Surefire test","project_orangehrm.Test.Admin_Configuration_Test","verifySocialMediaAuthentication_Lifecycle_Success"
"","12161","TC02 - Verify Project Add","Foundation_Suite","Fri Jan 02 17:49:17 UTC 2026","passed","Fri Jan 02 17:49:30 UTC 2026","project_orangehrm.Test.Time_ProjectInfo_Test","Foundation_Data_Seeding","project_orangehrm.Test.Time_ProjectInfo_Test","verifyProject_Add_Success"
"","15331","TC10 - Verify My Entitlements Display","Surefire suite","Fri Jan 02 17:57:55 UTC 2026","broken","Fri Jan 02 17:58:11 UTC 2026","project_orangehrm.Test.Leave_ApplyLeave_Test","Surefire test","project_orangehrm.Test.Leave_ApplyLeave_Test","verifyMyEntitlements_Display_Success"
"","7827","TC07 - Verify validation error for empty Education Level","Surefire suite","Fri Jan 02 17:56:24 UTC 2026","passed","Fri Jan 02 17:56:32 UTC 2026","project_orangehrm.Test.Admin_Qualifications_Test","Surefire test","project_orangehrm.Test.Admin_Qualifications_Test","verifyEducation_EmptyFields_ShowError"
"","0","setup","Surefire suite","Fri Jan 02 18:00:13 UTC 2026","broken","Fri Jan 02 18:00:13 UTC 2026","project_orangehrm.Test.AdminJobTest","Surefire test","project_orangehrm.Test.AdminJobTest","setup"
"","0","TC12 - Verify Search by Status","Surefire suite","Fri Jan 02 17:54:29 UTC 2026","skipped","Fri Jan 02 17:54:29 UTC 2026","project_orangehrm.Test.Recruitment_CandidateWorkflow_Test","Surefire test","project_orangehrm.Test.Recruitment_CandidateWorkflow_Test","verifyCandidate_SearchByStatus_Success"
"","33723","TC07 - Verify Delete User Functionality","Surefire suite","Fri Jan 02 17:57:10 UTC 2026","passed","Fri Jan 02 17:57:43 UTC 2026","project_orangehrm.Test.AdminUserManagementTest","Surefire test","project_orangehrm.Test.AdminUserManagementTest","verifyUserManagement_DeleteUser_Success"
"","7727","TC03 - Verify Project Add with Admin","Foundation_Suite","Fri Jan 02 17:49:37 UTC 2026","passed","Fri Jan 02 17:49:45 UTC 2026","project_orangehrm.Test.Time_ProjectInfo_Test","Foundation_Data_Seeding","project_orangehrm.Test.Time_ProjectInfo_Test","verifyProject_AddWithAdmin_Success"
"","16322","TC02 - Verify Leave Type Duplicate Validation","Surefire suite","Fri Jan 02 17:55:02 UTC 2026","passed","Fri Jan 02 17:55:18 UTC 2026","project_orangehrm.Test.Leave_Configuration_Test","Surefire test","project_orangehrm.Test.Leave_Configuration_Test","verifyLeaveType_Duplicate_Error"
"","15934","TC09 - Verify My Trackers Add Log","Surefire suite","Fri Jan 02 17:57:07 UTC 2026","broken","Fri Jan 02 17:57:23 UTC 2026","project_orangehrm.Test.Performance_MyReviews_Test","Surefire test","project_orangehrm.Test.Performance_MyReviews_Test","verifyMyTrackers_AddLog_Success"
"","0","setup","Surefire suite","Fri Jan 02 17:54:02 UTC 2026","failed","Fri Jan 02 17:54:02 UTC 2026","project_orangehrm.Test.Directory_Test","Surefire test","project_orangehrm.Test.Directory_Test","setup"
"","15211","TC01 - Verify Admin Assigning Claim to Employee","Foundation_Suite","Fri Jan 02 17:48:25 UTC 2026","passed","Fri Jan 02 17:48:41 UTC 2026","project_orangehrm.Test.Claim_Advanced_Test","Foundation_Data_Seeding","project_orangehrm.Test.Claim_Advanced_Test","verifyAssignClaim_Success"
"","17458","TC06 - Verify My Reviews Filter by To Date","Surefire suite","Fri Jan 02 17:55:31 UTC 2026","broken","Fri Jan 02 17:55:49 UTC 2026","project_orangehrm.Test.Performance_MyReviews_Test","Surefire test","project_orangehrm.Test.Performance_MyReviews_Test","verifyMyReviews_FilterByToDate_Success"
"","27118","TC03 - Verify Apply Leave with Half Day","Surefire suite","Fri Jan 02 17:54:38 UTC 2026","broken","Fri Jan 02 17:55:05 UTC 2026","project_orangehrm.Test.Leave_ApplyLeave_Test","Surefire test","project_orangehrm.Test.Leave_ApplyLeave_Test","verifyApplyLeave_HalfDay_Success"
"","5373","TC10 - Verify Duplicate Username Error","Surefire suite","Fri Jan 02 17:58:24 UTC 2026","passed","Fri Jan 02 17:58:29 UTC 2026","project_orangehrm.Test.AdminUserManagementTest","Surefire test","project_orangehrm.Test.AdminUserManagementTest","verifyUserManagement_DuplicateUsername_ShowError"
"","55687","TC04 - Verify error when creating a duplicate Location Name","Surefire suite","Fri Jan 02 17:54:16 UTC 2026","passed","Fri Jan 02 17:55:12 UTC 2026","project_orangehrm.Test.AdminOrganizationTest","Surefire test","project_orangehrm.Test.AdminOrganizationTest","verifyLocation_DuplicateEntry_ShowError"
"","32446","TC08 - Verify error when creating a duplicate Education Level","Surefire suite","Fri Jan 02 17:56:45 UTC 2026","passed","Fri Jan 02 17:57:18 UTC 2026","project_orangehrm.Test.Admin_Qualifications_Test","Surefire test","project_orangehrm.Test.Admin_Qualifications_Test","verifyEducation_DuplicateEntry_ShowError"
"","18941","TC02 - Verify Leave List Filter by Date","Surefire suite","Fri Jan 02 17:53:03 UTC 2026","passed","Fri Jan 02 17:53:22 UTC 2026","project_orangehrm.Test.Leave_LeaveList_Test","Surefire test","project_orangehrm.Test.Leave_LeaveList_Test","verifyLeaveList_FilterByDate_Success"
"","13427","TC06 - Verify Reporting Method Lifecycle: Create, Verify","Foundation_Suite","Fri Jan 02 17:46:52 UTC 2026","failed","Fri Jan 02 17:47:06 UTC 2026","project_orangehrm.Test.PIM_Configuration_Test","Foundation_Data_Seeding","project_orangehrm.Test.PIM_Configuration_Test","verifyReportingMethod_Lifecycle_Success"
"","1","TC03 - Positive: Verify Edit Post","Surefire suite","Fri Jan 02 17:55:36 UTC 2026","skipped","Fri Jan 02 17:55:36 UTC 2026","project_orangehrm.Test.Buzz_Newsfeed_Test","Surefire test","project_orangehrm.Test.Buzz_Newsfeed_Test","verifyPost_Edit_Success"
"","16178","TC16 - Verify error when creating a duplicate Language","Surefire suite","Fri Jan 02 18:01:04 UTC 2026","passed","Fri Jan 02 18:01:20 UTC 2026","project_orangehrm.Test.Admin_Qualifications_Test","Surefire test","project_orangehrm.Test.Admin_Qualifications_Test","verifyLanguages_DuplicateEntry_ShowError"
"","0","TC17 - Verify Work Shift Lifecycle: Create, Verify, and Delete","Surefire suite","Fri Jan 02 18:00:18 UTC 2026","skipped","Fri Jan 02 18:00:18 UTC 2026","project_orangehrm.Test.AdminJobTest","Surefire test","project_orangehrm.Test.AdminJobTest","verifyWorkShift_Lifecycle_Success"
"","23538","TC01 - Verify Event: Validate Empty Field","Surefire suite","Fri Jan 02 17:51:20 UTC 2026","passed","Fri Jan 02 17:51:43 UTC 2026","project_orangehrm.Test.Claim_Configuration_Test","Surefire test","project_orangehrm.Test.Claim_Configuration_Test","verifyEvent_Validate_Field"
"","29196","TC02 - Verify Apply Leave Validation - Empty Fields","Surefire suite","Fri Jan 02 17:53:38 UTC 2026","failed","Fri Jan 02 17:54:07 UTC 2026","project_orangehrm.Test.Leave_ApplyLeave_Test","Surefire test","project_orangehrm.Test.Leave_ApplyLeave_Test","verifyApplyLeave_EmptyFields_ShowError"
"","8815","TC01 - Verify Job Title Lifecycle: Create, Verify, Delete","Foundation_Suite","Fri Jan 02 17:44:16 UTC 2026","passed","Fri Jan 02 17:44:25 UTC 2026","project_orangehrm.Test.AdminJobTest","Foundation_Data_Seeding","project_orangehrm.Test.AdminJobTest","verifyJobTitle_Lifecycle_Success"
"","15130","TC01 - Verify Leave List Display","Surefire suite","Fri Jan 02 17:52:03 UTC 2026","passed","Fri Jan 02 17:52:18 UTC 2026","project_orangehrm.Test.Leave_LeaveList_Test","Surefire test","project_orangehrm.Test.Leave_LeaveList_Test","verifyLeaveList_Display_Success"
"","0","TC14 - Verify updating an existing Job Category","Surefire suite","Fri Jan 02 18:00:14 UTC 2026","skipped","Fri Jan 02 18:00:14 UTC 2026","project_orangehrm.Test.AdminJobTest","Surefire test","project_orangehrm.Test.AdminJobTest","verifyJobCategory_Update_Success"
"","10717","TC01 - Verify About Modal Popup","Surefire suite","Fri Jan 02 17:51:42 UTC 2026","failed","Fri Jan 02 17:51:52 UTC 2026","project_orangehrm.Test.Dashboard_UserActions_Test","Surefire test","project_orangehrm.Test.Dashboard_UserActions_Test","verifyUserMenu_AboutInfo"
"","12222","TC03 - Verify Directory Search by Location","Surefire suite","Fri Jan 02 17:53:26 UTC 2026","passed","Fri Jan 02 17:53:38 UTC 2026","project_orangehrm.Test.Directory_Test","Surefire test","project_orangehrm.Test.Directory_Test","verifyDirectory_SearchByLocation_Success"
"","37518","TC01 - Verify Search Candidate by Name and Status","Surefire suite","Fri Jan 02 17:51:38 UTC 2026","broken","Fri Jan 02 17:52:16 UTC 2026","project_orangehrm.Test.Recruitment_Search_And_Data_Test","Surefire test","project_orangehrm.Test.Recruitment_Search_And_Data_Test","verifyCandidate_Search_Success"
"","3659","TC16 - Verify My Claims Reset Filters","Surefire suite","Fri Jan 02 18:00:20 UTC 2026","passed","Fri Jan 02 18:00:23 UTC 2026","project_orangehrm.Test.Claim_EmployeeClaims_Test","Surefire test","project_orangehrm.Test.Claim_EmployeeClaims_Test","verifyMyClaims_ResetFilters_Success"
"","0","TC16 - Verify error when creating a duplicate Job Category","Surefire suite","Fri Jan 02 18:00:17 UTC 2026","skipped","Fri Jan 02 18:00:17 UTC 2026","project_orangehrm.Test.AdminJobTest","Surefire test","project_orangehrm.Test.AdminJobTest","verifyJobCategory_DuplicateEntry_ShowError"
"","11834","TC02 - Cleanup Tracker - Quality Tracker 2025","Surefire suite","Fri Jan 02 18:21:56 UTC 2026","passed","Fri Jan 02 18:22:08 UTC 2026","project_orangehrm.TestCleaning.PerformanceTestCleaning","Surefire test","project_orangehrm.TestCleaning.PerformanceTestCleaning","cleanUpTracker_QualityTracker2025"
"","13646","TC14 - Verify Languages Add","Surefire suite","Fri Jan 02 18:01:03 UTC 2026","broken","Fri Jan 02 18:01:17 UTC 2026","project_orangehrm.Test.PIM_EmployeeDetails_Test","Surefire test","project_orangehrm.Test.PIM_EmployeeDetails_Test","verifyQualifications_Languages_Add_Success"
"","0","TC18 - Verify Manage Reviews Activate Review","Surefire suite","Fri Jan 02 17:59:15 UTC 2026","skipped","Fri Jan 02 17:59:15 UTC 2026","project_orangehrm.Test.Performance_MyReviews_Test","Surefire test","project_orangehrm.Test.Performance_MyReviews_Test","verifyManageReviews_Activate_Success"
"","5","setUp","Surefire suite","Fri Jan 02 17:55:03 UTC 2026","broken","Fri Jan 02 17:55:03 UTC 2026","project_orangehrm.Test.Time_Reports_Test","Surefire test","project_orangehrm.Test.Time_Reports_Test","setUp"
"","20542","TC04 - Admin Approve Leave Request","Surefire suite","Fri Jan 02 17:54:09 UTC 2026","passed","Fri Jan 02 17:54:30 UTC 2026","project_orangehrm.Test.Leave_Operations_Test","Surefire test","project_orangehrm.Test.Leave_Operations_Test","verifyLeaveList_ApproveRequest"
"","7828","TC05 - Negative: Verify error message when Password and Confirm Password do not match","Surefire suite","Fri Jan 02 17:55:50 UTC 2026","passed","Fri Jan 02 17:55:57 UTC 2026","project_orangehrm.Test.AdminUserManagementTest","Surefire test","project_orangehrm.Test.AdminUserManagementTest","verifyUserManagement_PasswordContainMinimumNumber_ShowError"
"","3803","TC04 - Cleanup Employee - Script Automation Tester (ID: 77777)","Surefire suite","Fri Jan 02 18:22:41 UTC 2026","passed","Fri Jan 02 18:22:45 UTC 2026","project_orangehrm.TestCleaning.PIMTestCleaning","Surefire test","project_orangehrm.TestCleaning.PIMTestCleaning","cleanUpEmployee_ScriptAutomationTester"
"","4358","TC02 - Verify Empty Post Validation","Surefire suite","Fri Jan 02 17:54:28 UTC 2026","passed","Fri Jan 02 17:54:33 UTC 2026","project_orangehrm.Test.Buzz_Features_Test","Surefire test","project_orangehrm.Test.Buzz_Features_Test","verifyEmptyPost_Error"
"","10037","TC01 - Cleanup Post - Engagement","Surefire suite","Fri Jan 02 18:21:35 UTC 2026","passed","Fri Jan 02 18:21:45 UTC 2026","project_orangehrm.TestCleaning.BuzzTestCleaning","Surefire test","project_orangehrm.TestCleaning.BuzzTestCleaning","cleanUpPost_Engagement"
"","14147","TC03 - Verify Email Subscription Validation","Surefire suite","Fri Jan 02 17:55:06 UTC 2026","passed","Fri Jan 02 17:55:20 UTC 2026","project_orangehrm.Test.Admin_Configuration_Test","Surefire test","project_orangehrm.Test.Admin_Configuration_Test","verifyEmailSubscription_EmptyFields_ShowError"
"","15153","TC01 - Verify Employee Claims Page Display","Surefire suite","Fri Jan 02 17:51:32 UTC 2026","passed","Fri Jan 02 17:51:47 UTC 2026","project_orangehrm.Test.Claim_EmployeeClaims_Test","Surefire test","project_orangehrm.Test.Claim_EmployeeClaims_Test","verifyEmployeeClaims_Display_Success"
"","50610","TC03 - Verify Custom Field Lifecycle: Create, Verify, Edit, Delete","Surefire suite","Fri Jan 02 17:53:24 UTC 2026","broken","Fri Jan 02 17:54:15 UTC 2026","project_orangehrm.Test.PIM_Configuration_Test","Surefire test","project_orangehrm.Test.PIM_Configuration_Test","verifyCustomField_Lifecycle_Edit"
"","0","TC04 - Verify Directory Multiple Filters","Surefire suite","Fri Jan 02 17:54:02 UTC 2026","skipped","Fri Jan 02 17:54:02 UTC 2026","project_orangehrm.Test.Directory_Test","Surefire test","project_orangehrm.Test.Directory_Test","verifyDirectory_MultipleFilters_Success"
"","66047","TC02 - Verify KPI Lifecycle: Create, Link to Job, Edit, Delete","Surefire suite","Fri Jan 02 17:54:17 UTC 2026","failed","Fri Jan 02 17:55:23 UTC 2026","project_orangehrm.Test.Performance_Configuration_Test","Surefire test","project_orangehrm.Test.Performance_Configuration_Test","verifyKPI_Lifecycle_Edit"
"","12614","TC12 - Verify Education Add","Surefire suite","Fri Jan 02 18:00:24 UTC 2026","broken","Fri Jan 02 18:00:37 UTC 2026","project_orangehrm.Test.PIM_EmployeeDetails_Test","Surefire test","project_orangehrm.Test.PIM_EmployeeDetails_Test","verifyQualifications_Education_Add_Success"
"","17910","TC09 - Verify License Lifecycle: Create","Surefire suite","Fri Jan 02 17:57:27 UTC 2026","passed","Fri Jan 02 17:57:45 UTC 2026","project_orangehrm.Test.Admin_Qualifications_Test","Surefire test","project_orangehrm.Test.Admin_Qualifications_Test","verifyLicenses_Lifecycle_Success"
"","0","TC03 - Verify KPI Validation Errors","Surefire suite","Fri Jan 02 17:55:40 UTC 2026","skipped","Fri Jan 02 17:55:40 UTC 2026","project_orangehrm.Test.Performance_Configuration_Test","Surefire test","project_orangehrm.Test.Performance_Configuration_Test","verifyKPI_EmptyFields_Error"
"","1","TC04 - Verify Nationality Duplicate Validation","Surefire suite","Fri Jan 02 17:54:51 UTC 2026","skipped","Fri Jan 02 17:54:51 UTC 2026","project_orangehrm.Test.Admin_Nationalities_Test","Surefire test","project_orangehrm.Test.Admin_Nationalities_Test","verifyNationality_Duplicate_ShowError"
"","1","TC02 - Generate Employee Report","Surefire suite","Fri Jan 02 17:55:46 UTC 2026","skipped","Fri Jan 02 17:55:46 UTC 2026","project_orangehrm.Test.Time_Reports_Test","Surefire test","project_orangehrm.Test.Time_Reports_Test","verifyEmployeeReport_Generate"
"","30806","TC01 - Verify Access Records Download","Surefire suite","Fri Jan 02 17:51:53 UTC 2026","broken","Fri Jan 02 17:52:23 UTC 2026","project_orangehrm.Test.Maintenance_AccessRecords_Test","Surefire test","project_orangehrm.Test.Maintenance_AccessRecords_Test","verifyAccessRecords_Download"
"","33052","TC04 - Verify Holiday Lifecycle: Create, Verify, Delete","Surefire suite","Fri Jan 02 17:56:15 UTC 2026","passed","Fri Jan 02 17:56:48 UTC 2026","project_orangehrm.Test.Leave_Configuration_Test","Surefire test","project_orangehrm.Test.Leave_Configuration_Test","verifyHoliday_Lifecycle_Success"
"","16263","TC15 - Verify My Claims Filter by Status","Surefire suite","Fri Jan 02 17:59:57 UTC 2026","broken","Fri Jan 02 18:00:13 UTC 2026","project_orangehrm.Test.Claim_EmployeeClaims_Test","Surefire test","project_orangehrm.Test.Claim_EmployeeClaims_Test","verifyMyClaims_FilterByStatus_Success"
"","21360","TC02 - Generate Employee Report","Surefire suite","Fri Jan 02 17:52:12 UTC 2026","broken","Fri Jan 02 17:52:34 UTC 2026","project_orangehrm.Test.PIM_Reports_Test","Surefire test","project_orangehrm.Test.PIM_Reports_Test","verifyReport_Generate_Success"
"","18979","TC04 - Verify Apply Leave Balance Check","Surefire suite","Fri Jan 02 17:55:24 UTC 2026","broken","Fri Jan 02 17:55:43 UTC 2026","project_orangehrm.Test.Leave_ApplyLeave_Test","Surefire test","project_orangehrm.Test.Leave_ApplyLeave_Test","verifyApplyLeave_BalanceDisplay"
"","13013","TC12 - Cleanup Email Subscription - Automation Subscriber","Surefire suite","Fri Jan 02 18:24:59 UTC 2026","passed","Fri Jan 02 18:25:12 UTC 2026","project_orangehrm.TestCleaning.AdminTestCleaning","Surefire test","project_orangehrm.TestCleaning.AdminTestCleaning","cleanUpEmailSubscription"
"","56148","TC02 - Verify Vacancy Lifecycle: Create, Verify, Edit, Delete","Surefire suite","Fri Jan 02 17:51:38 UTC 2026","failed","Fri Jan 02 17:52:34 UTC 2026","project_orangehrm.Test.Recruitment_Vacancies_Test","Surefire test","project_orangehrm.Test.Recruitment_Vacancies_Test","verifyVacancy_Lifecycle_Edit"
"","27723","TC07 - Verify Employee Claims Approve Action","Surefire suite","Fri Jan 02 17:55:55 UTC 2026","broken","Fri Jan 02 17:56:23 UTC 2026","project_orangehrm.Test.Claim_EmployeeClaims_Test","Surefire test","project_orangehrm.Test.Claim_EmployeeClaims_Test","verifyEmployeeClaims_Approve_Success"
"","2762","TC11 - Cleanup Membership - IEEE Member","Surefire suite","Fri Jan 02 18:24:50 UTC 2026","passed","Fri Jan 02 18:24:53 UTC 2026","project_orangehrm.TestCleaning.AdminTestCleaning","Surefire test","project_orangehrm.TestCleaning.AdminTestCleaning","cleanUpMembership"
"","1","TC07 - Verify Mark Interview Failed","Surefire suite","Fri Jan 02 17:54:09 UTC 2026","skipped","Fri Jan 02 17:54:09 UTC 2026","project_orangehrm.Test.Recruitment_CandidateWorkflow_Test","Surefire test","project_orangehrm.Test.Recruitment_CandidateWorkflow_Test","verifyCandidate_MarkInterviewFailed_Success"
"","1","setup","Surefire suite","Fri Jan 02 17:53:46 UTC 2026","failed","Fri Jan 02 17:53:46 UTC 2026","project_orangehrm.Test.Leave_LeaveList_Test","Surefire test","project_orangehrm.Test.Leave_LeaveList_Test","setup"
"","0","setup","Surefire suite","Fri Jan 02 17:55:40 UTC 2026","broken","Fri Jan 02 17:55:40 UTC 2026","project_orangehrm.Test.Performance_Configuration_Test","Surefire test","project_orangehrm.Test.Performance_Configuration_Test","setup"
"","10059","TC01 - Verify 'Most Liked Posts' Widget","Surefire suite","Fri Jan 02 17:53:49 UTC 2026","failed","Fri Jan 02 17:53:59 UTC 2026","project_orangehrm.Test.Buzz_Features_Test","Surefire test","project_orangehrm.Test.Buzz_Features_Test","verifyMostLiked_Widget"
"","20375","TC09 - Verify error when creating a duplicate Unit ID","Surefire suite","Fri Jan 02 17:57:34 UTC 2026","passed","Fri Jan 02 17:57:54 UTC 2026","project_orangehrm.Test.AdminOrganizationTest","Surefire test","project_orangehrm.Test.AdminOrganizationTest","verifyStructure_DuplicateEntry_ShowError"
"","1","TC03 - Verify Nationality Validation: Empty Field","Surefire suite","Fri Jan 02 17:54:48 UTC 2026","skipped","Fri Jan 02 17:54:48 UTC 2026","project_orangehrm.Test.Admin_Nationalities_Test","Surefire test","project_orangehrm.Test.Admin_Nationalities_Test","verifyNationality_EmptyFields_ShowError"
"","23345","TC02 - Verify Employee Claims Search by Employee","Surefire suite","Fri Jan 02 17:52:36 UTC 2026","passed","Fri Jan 02 17:52:59 UTC 2026","project_orangehrm.Test.Claim_EmployeeClaims_Test","Surefire test","project_orangehrm.Test.Claim_EmployeeClaims_Test","verifyEmployeeClaims_SearchByEmployee_Success"
"","29309","TC04 - Verify error when creating a duplicate Skill","Surefire suite","Fri Jan 02 17:54:08 UTC 2026","failed","Fri Jan 02 17:54:37 UTC 2026","project_orangehrm.Test.Admin_Qualifications_Test","Surefire test","project_orangehrm.Test.Admin_Qualifications_Test","verifySkills_DuplicateEntry_ShowError"
"","10886","TC04 - Negative: Verify error message when Password and Confirm Password do not match","Surefire suite","Fri Jan 02 17:55:23 UTC 2026","passed","Fri Jan 02 17:55:34 UTC 2026","project_orangehrm.Test.AdminUserManagementTest","Surefire test","project_orangehrm.Test.AdminUserManagementTest","verifyUserManagement_PasswordMismatch_ShowError"
"","1313","TC09 - Verify Search by Status Filter","Surefire suite","Fri Jan 02 17:58:10 UTC 2026","passed","Fri Jan 02 17:58:12 UTC 2026","project_orangehrm.Test.AdminUserManagementTest","Surefire test","project_orangehrm.Test.AdminUserManagementTest","verifyUserManagement_SearchByStatus_Success"
"","8163","TC12 - Verify Employee Trackers Page Display","Surefire suite","Fri Jan 02 17:58:31 UTC 2026","passed","Fri Jan 02 17:58:39 UTC 2026","project_orangehrm.Test.Performance_MyReviews_Test","Surefire test","project_orangehrm.Test.Performance_MyReviews_Test","verifyEmployeeTrackers_Display_Success"
"","30958","TC01 - Verify Personal Details View","Surefire suite","Fri Jan 02 17:51:26 UTC 2026","passed","Fri Jan 02 17:51:57 UTC 2026","project_orangehrm.Test.PIM_EmployeeDetails_Test","Surefire test","project_orangehrm.Test.PIM_EmployeeDetails_Test","verifyPersonalDetails_View_Success"
"","21206","TC03 - Verify Employee Timesheet Approval (Admin Action)","Surefire suite","Fri Jan 02 17:54:53 UTC 2026","broken","Fri Jan 02 17:55:14 UTC 2026","project_orangehrm.Test.Time_Timesheets_Test","Surefire test","project_orangehrm.Test.Time_Timesheets_Test","verifyEmployeeTimesheet_Approve"
"","15205","TC10 - Verify Employee Claims Pay Action","Surefire suite","Fri Jan 02 17:57:43 UTC 2026","broken","Fri Jan 02 17:57:58 UTC 2026","project_orangehrm.Test.Claim_EmployeeClaims_Test","Surefire test","project_orangehrm.Test.Claim_EmployeeClaims_Test","verifyEmployeeClaims_Pay_Success"
"","1","TC10 - Verify Reject Candidate","Surefire suite","Fri Jan 02 17:54:19 UTC 2026","skipped","Fri Jan 02 17:54:19 UTC 2026","project_orangehrm.Test.Recruitment_CandidateWorkflow_Test","Surefire test","project_orangehrm.Test.Recruitment_CandidateWorkflow_Test","verifyCandidate_Reject_Success"
"","1","setup","Surefire suite","Fri Jan 02 17:52:20 UTC 2026","failed","Fri Jan 02 17:52:20 UTC 2026","project_orangehrm.Test.Leave_Entitlements_Test","Surefire test","project_orangehrm.Test.Leave_Entitlements_Test","setup"
"","0","TC15 - Verify validation error for empty Job Category Name","Surefire suite","Fri Jan 02 18:00:15 UTC 2026","skipped","Fri Jan 02 18:00:15 UTC 2026","project_orangehrm.Test.AdminJobTest","Surefire test","project_orangehrm.Test.AdminJobTest","verifyJobCategory_EmptyFields_ShowError"
"","18295","TC05 - Verify Localization Settings: Update Default Language and Format","Surefire suite","Fri Jan 02 17:56:09 UTC 2026","broken","Fri Jan 02 17:56:28 UTC 2026","project_orangehrm.Test.Admin_Configuration_Test","Surefire test","project_orangehrm.Test.Admin_Configuration_Test","verifyLocalization_Update_Success"
"","12044","TC05 - Cleanup Employee - Dev Sec Ops (ID: 0777)","Surefire suite","Fri Jan 02 18:22:51 UTC 2026","passed","Fri Jan 02 18:23:03 UTC 2026","project_orangehrm.TestCleaning.PIMTestCleaning","Surefire test","project_orangehrm.TestCleaning.PIMTestCleaning","cleanUpEmployee_DevSecOps"
"","64201","TC02 - Verify Email Subscription Lifecycle: Add, Verify, Edit, Delete","Surefire suite","Fri Jan 02 17:53:37 UTC 2026","passed","Fri Jan 02 17:54:41 UTC 2026","project_orangehrm.Test.Admin_Configuration_Test","Surefire test","project_orangehrm.Test.Admin_Configuration_Test","verifyEmailSubscription_Lifecycle_Edit"
"","47815","TC10 - Verify Termination Reason Lifecycle: Create, Verify, Edit, Delete","Surefire suite","Fri Jan 02 17:57:23 UTC 2026","passed","Fri Jan 02 17:58:10 UTC 2026","project_orangehrm.Test.PIM_Configuration_Test","Surefire test","project_orangehrm.Test.PIM_Configuration_Test","verifyTerminationReason_Lifecycle_Edit"
"","27107","TC07 - Verify Reporting Method Lifecycle: Create, Verify, Edit, Delete","Surefire suite","Fri Jan 02 17:55:53 UTC 2026","failed","Fri Jan 02 17:56:20 UTC 2026","project_orangehrm.Test.PIM_Configuration_Test","Surefire test","project_orangehrm.Test.PIM_Configuration_Test","verifyReportingMethod_Lifecycle_Edit"
"","0","TC14 - Verify Search by Vacancy","Surefire suite","Fri Jan 02 17:54:37 UTC 2026","skipped","Fri Jan 02 17:54:37 UTC 2026","project_orangehrm.Test.Recruitment_CandidateWorkflow_Test","Surefire test","project_orangehrm.Test.Recruitment_CandidateWorkflow_Test","verifyCandidate_SearchByVacancy_Success"
"","11377","TC05 - Cleanup Work Shift - Night Shift - B","Surefire suite","Fri Jan 02 18:23:02 UTC 2026","passed","Fri Jan 02 18:23:14 UTC 2026","project_orangehrm.TestCleaning.AdminTestCleaning","Surefire test","project_orangehrm.TestCleaning.AdminTestCleaning","cleanUpWorkShift"
"","1","setup","Surefire suite","Fri Jan 02 17:54:44 UTC 2026","failed","Fri Jan 02 17:54:44 UTC 2026","project_orangehrm.Test.Admin_Nationalities_Test","Surefire test","project_orangehrm.Test.Admin_Nationalities_Test","setup"
"","1","TC04 - Verify Leave List Filter by Employee","Surefire suite","Fri Jan 02 17:53:50 UTC 2026","skipped","Fri Jan 02 17:53:50 UTC 2026","project_orangehrm.Test.Leave_LeaveList_Test","Surefire test","project_orangehrm.Test.Leave_LeaveList_Test","verifyLeaveList_FilterByEmployee_Success"
"","24959","TC03 - Verify My Reviews Filter by Status","Surefire suite","Fri Jan 02 17:53:02 UTC 2026","broken","Fri Jan 02 17:53:27 UTC 2026","project_orangehrm.Test.Performance_MyReviews_Test","Surefire test","project_orangehrm.Test.Performance_MyReviews_Test","verifyMyReviews_FilterByStatus_Success"
"","20818","TC03 - Verify validation errors for required Location fields","Surefire suite","Fri Jan 02 17:53:22 UTC 2026","passed","Fri Jan 02 17:53:43 UTC 2026","project_orangehrm.Test.AdminOrganizationTest","Surefire test","project_orangehrm.Test.AdminOrganizationTest","verifyLocation_EmptyFields_ShowError"
"","46321","TC03 - Verify Contact Details Update","Surefire suite","Fri Jan 02 17:54:04 UTC 2026","passed","Fri Jan 02 17:54:51 UTC 2026","project_orangehrm.Test.PIM_EmployeeDetails_Test","Surefire test","project_orangehrm.Test.PIM_EmployeeDetails_Test","verifyContactDetails_Update_Success"
"","25871","TC01 - Verify Employee Submitting Self Review","Surefire suite","Fri Jan 02 17:52:00 UTC 2026","broken","Fri Jan 02 17:52:26 UTC 2026","project_orangehrm.Test.Performance_Evaluation_Test","Surefire test","project_orangehrm.Test.Performance_Evaluation_Test","verifySelfReview_Submit_Success"
"","22004","TC01 - Verify My Timesheet: Add Row, Edit Hours, Save","Surefire suite","Fri Jan 02 17:53:00 UTC 2026","broken","Fri Jan 02 17:53:22 UTC 2026","project_orangehrm.Test.Time_Timesheets_Test","Surefire test","project_orangehrm.Test.Time_Timesheets_Test","verifyMyTimesheet_EditAndSave"
"","29150","TC03 - Verify Event Lifecycle: Create, Verify, Edit, Delete","Surefire suite","Fri Jan 02 17:52:32 UTC 2026","failed","Fri Jan 02 17:53:02 UTC 2026","project_orangehrm.Test.Claim_Configuration_Test","Surefire test","project_orangehrm.Test.Claim_Configuration_Test","verifyEvent_Lifecycle_Edit"
"","5637","TC06 - Verify My Leave Filter by Status","Surefire suite","Fri Jan 02 17:56:18 UTC 2026","passed","Fri Jan 02 17:56:24 UTC 2026","project_orangehrm.Test.Leave_ApplyLeave_Test","Surefire test","project_orangehrm.Test.Leave_ApplyLeave_Test","verifyMyLeave_FilterByStatus_Success"
"","13607","TC01 - Positive: Verify Admin User Lifecycle: Create, Search","Foundation_Suite","Fri Jan 02 17:47:26 UTC 2026","failed","Fri Jan 02 17:47:40 UTC 2026","project_orangehrm.Test.AdminUserManagementTest","Foundation_Data_Seeding","project_orangehrm.Test.AdminUserManagementTest","verifyUserManagement_Lifecycle_Success"
"","8447","TC09 - Verify Termination Reason Lifecycle: Create, Verify","Foundation_Suite","Fri Jan 02 17:47:12 UTC 2026","passed","Fri Jan 02 17:47:21 UTC 2026","project_orangehrm.Test.PIM_Configuration_Test","Foundation_Data_Seeding","project_orangehrm.Test.PIM_Configuration_Test","verifyTerminationReason_Lifecycle_Success"
"","15743","TC03 - Verify Employee Claims Search by Reference ID","Surefire suite","Fri Jan 02 17:53:35 UTC 2026","passed","Fri Jan 02 17:53:51 UTC 2026","project_orangehrm.Test.Claim_EmployeeClaims_Test","Surefire test","project_orangehrm.Test.Claim_EmployeeClaims_Test","verifyEmployeeClaims_SearchByReferenceId_Success"
"","10034","TC03 - Cleanup Post - Safety Check","Surefire suite","Fri Jan 02 18:22:06 UTC 2026","passed","Fri Jan 02 18:22:16 UTC 2026","project_orangehrm.TestCleaning.BuzzTestCleaning","Surefire test","project_orangehrm.TestCleaning.BuzzTestCleaning","cleanUpPost_SafetyCheck"
"","0","TC05 - Verify Leave List Filter by Leave Type","Surefire suite","Fri Jan 02 17:53:56 UTC 2026","skipped","Fri Jan 02 17:53:56 UTC 2026","project_orangehrm.Test.Leave_LeaveList_Test","Surefire test","project_orangehrm.Test.Leave_LeaveList_Test","verifyLeaveList_FilterByLeaveType_Success"
"","7673","TC08 - Verify validation error for empty Employment Status Name","Surefire suite","Fri Jan 02 17:56:49 UTC 2026","passed","Fri Jan 02 17:56:56 UTC 2026","project_orangehrm.Test.AdminJobTest","Surefire test","project_orangehrm.Test.AdminJobTest","verifyEmploymentStatus_EmptyFields_ShowError"
"","14663","TC03 - Negative: Verify search with non-existing username","Surefire suite","Fri Jan 02 17:54:46 UTC 2026","passed","Fri Jan 02 17:55:00 UTC 2026","project_orangehrm.Test.AdminUserManagementTest","Surefire test","project_orangehrm.Test.AdminUserManagementTest","verifyUserManagement_SearchNotFound_NoRecords"
"","19","TC02 - Verify Help Support Redirection","Surefire suite","Fri Jan 02 17:52:28 UTC 2026","passed","Fri Jan 02 17:52:28 UTC 2026","project_orangehrm.Test.Dashboard_Advanced_Test","Surefire test","project_orangehrm.Test.Dashboard_Advanced_Test","verifyHelp_IconPresence"
"","28850","TC10 - Verify License Lifecycle: Create, Edit, Delete","Surefire suite","Fri Jan 02 17:57:57 UTC 2026","passed","Fri Jan 02 17:58:26 UTC 2026","project_orangehrm.Test.Admin_Qualifications_Test","Surefire test","project_orangehrm.Test.Admin_Qualifications_Test","verifyLicenses_Lifecycle_Edit"
"","14849","TC05 - Verify Expense Type: Validate Empty Field","Surefire suite","Fri Jan 02 17:55:00 UTC 2026","passed","Fri Jan 02 17:55:15 UTC 2026","project_orangehrm.Test.Claim_Configuration_Test","Surefire test","project_orangehrm.Test.Claim_Configuration_Test","verifyExpenseType_Validate_Field"
"","42484","TC01 - Verify Leave Type Lifecycle: Create, Verify, Delete","Surefire suite","Fri Jan 02 17:53:54 UTC 2026","failed","Fri Jan 02 17:54:36 UTC 2026","project_orangehrm.Test.Leave_Configuration_Test","Surefire test","project_orangehrm.Test.Leave_Configuration_Test","verifyLeaveType_Lifecycle_Success"
"","7654","TC05 - Verify Employee Claims Search by Status","Surefire suite","Fri Jan 02 17:55:12 UTC 2026","passed","Fri Jan 02 17:55:19 UTC 2026","project_orangehrm.Test.Claim_EmployeeClaims_Test","Surefire test","project_orangehrm.Test.Claim_EmployeeClaims_Test","verifyEmployeeClaims_SearchByStatus_Success"
"","11011","TC13 - Cleanup Nationality - Automation Tester Nationality","Surefire suite","Fri Jan 02 18:25:18 UTC 2026","passed","Fri Jan 02 18:25:29 UTC 2026","project_orangehrm.TestCleaning.AdminTestCleaning","Surefire test","project_orangehrm.TestCleaning.AdminTestCleaning","cleanUpNationality"
"","1","TC06 - Verify Directory View Employee Details","Surefire suite","Fri Jan 02 17:54:13 UTC 2026","skipped","Fri Jan 02 17:54:13 UTC 2026","project_orangehrm.Test.Directory_Test","Surefire test","project_orangehrm.Test.Directory_Test","verifyDirectory_ViewEmployeeDetails_Success"
"","16318","TC01 - Verify Error when Entering > 24 Hours in Timesheet","Surefire suite","Fri Jan 02 17:51:15 UTC 2026","broken","Fri Jan 02 17:51:32 UTC 2026","project_orangehrm.Test.Time_BusinessLogic_Test","Surefire test","project_orangehrm.Test.Time_BusinessLogic_Test","verifyTimesheet_InvalidHours_Error"
"","11416","TC09 - Cleanup License - ISTQB Foundation","Surefire suite","Fri Jan 02 18:24:16 UTC 2026","passed","Fri Jan 02 18:24:27 UTC 2026","project_orangehrm.TestCleaning.AdminTestCleaning","Surefire test","project_orangehrm.TestCleaning.AdminTestCleaning","cleanUpLicense"
"","25023","TC02 - Verify Cannot Punch In Future Date","Surefire suite","Fri Jan 02 17:52:21 UTC 2026","broken","Fri Jan 02 17:52:46 UTC 2026","project_orangehrm.Test.Time_BusinessLogic_Test","Surefire test","project_orangehrm.Test.Time_BusinessLogic_Test","verifyPunchIn_FutureDate_Error"
"","13218","TC02 - Cleanup Pay Grade - Grade 5 - Executive","Surefire suite","Fri Jan 02 18:22:05 UTC 2026","passed","Fri Jan 02 18:22:18 UTC 2026","project_orangehrm.TestCleaning.AdminTestCleaning","Surefire test","project_orangehrm.TestCleaning.AdminTestCleaning","cleanUpPayGrade"
"","23336","TC02 - Verify validation error for empty Job Title","Surefire suite","Fri Jan 02 17:52:22 UTC 2026","passed","Fri Jan 02 17:52:46 UTC 2026","project_orangehrm.Test.AdminJobTest","Surefire test","project_orangehrm.Test.AdminJobTest","verifyJobTitle_EmptyFields_ShowError"
"","28652","TC02 - Verify My Reviews Page Display","Surefire suite","Fri Jan 02 17:51:51 UTC 2026","failed","Fri Jan 02 17:52:19 UTC 2026","project_orangehrm.Test.Performance_MyReviews_Test","Surefire test","project_orangehrm.Test.Performance_MyReviews_Test","verifyMyReviews_Display_Success"
"","39734","TC03 - Verify error when creating a duplicate Job Title","Surefire suite","Fri Jan 02 17:53:25 UTC 2026","broken","Fri Jan 02 17:54:05 UTC 2026","project_orangehrm.Test.AdminJobTest","Surefire test","project_orangehrm.Test.AdminJobTest","verifyJobTitle_DuplicateEntry_ShowError"
"","1","TC13 - Verify Job Category Lifecycle: Create, Verify, and Delete","Surefire suite","Fri Jan 02 18:00:13 UTC 2026","skipped","Fri Jan 02 18:00:13 UTC 2026","project_orangehrm.Test.AdminJobTest","Surefire test","project_orangehrm.Test.AdminJobTest","verifyJobCategory_Lifecycle_Success"
"","6073","TC09 - Verify My Leave Reset Filters","Surefire suite","Fri Jan 02 17:57:34 UTC 2026","passed","Fri Jan 02 17:57:40 UTC 2026","project_orangehrm.Test.Leave_ApplyLeave_Test","Surefire test","project_orangehrm.Test.Leave_ApplyLeave_Test","verifyMyLeave_ResetFilters_Success"
"","17631","TC07 - Verify Employment Status Lifecycle: Create and Delete","Surefire suite","Fri Jan 02 17:56:15 UTC 2026","passed","Fri Jan 02 17:56:33 UTC 2026","project_orangehrm.Test.AdminJobTest","Surefire test","project_orangehrm.Test.AdminJobTest","verifyEmploymentStatus_Lifecycle_Success"
"","31481","TC04 - Verify Add Employee Validation","Surefire suite","Fri Jan 02 17:52:15 UTC 2026","failed","Fri Jan 02 17:52:46 UTC 2026","project_orangehrm.Test.PIM_Employee_Test","Surefire test","project_orangehrm.Test.PIM_Employee_Test","verifyEmployee_EmptyFields_ShowError"
"","6606","TC07 - Verify My Leave Filter by Date Range","Surefire suite","Fri Jan 02 17:56:39 UTC 2026","passed","Fri Jan 02 17:56:46 UTC 2026","project_orangehrm.Test.Leave_ApplyLeave_Test","Surefire test","project_orangehrm.Test.Leave_ApplyLeave_Test","verifyMyLeave_FilterByDateRange_Success"
"","14648","TC11 - Verify Work Experience Add","Surefire suite","Fri Jan 02 18:00:01 UTC 2026","broken","Fri Jan 02 18:00:15 UTC 2026","project_orangehrm.Test.PIM_EmployeeDetails_Test","Surefire test","project_orangehrm.Test.PIM_EmployeeDetails_Test","verifyQualifications_WorkExperience_Add_Success"
"","27899","TC05 - Verify Search by Employment Status","Surefire suite","Fri Jan 02 17:53:24 UTC 2026","passed","Fri Jan 02 17:53:52 UTC 2026","project_orangehrm.Test.PIM_Employee_Test","Surefire test","project_orangehrm.Test.PIM_Employee_Test","verifyEmployeeList_SearchFilter_Success"
"","7944","TC02 - Verify Event Lifecycle: Create, Verify","Foundation_Suite","Fri Jan 02 17:47:57 UTC 2026","passed","Fri Jan 02 17:48:05 UTC 2026","project_orangehrm.Test.Claim_Configuration_Test","Foundation_Data_Seeding","project_orangehrm.Test.Claim_Configuration_Test","verifyEvent_Lifecycle_Success"
"","0","TC13 - Verify Employee Trackers Filter by Employee","Surefire suite","Fri Jan 02 17:58:54 UTC 2026","skipped","Fri Jan 02 17:58:54 UTC 2026","project_orangehrm.Test.Performance_MyReviews_Test","Surefire test","project_orangehrm.Test.Performance_MyReviews_Test","verifyEmployeeTrackers_FilterByEmployee_Success"
"","0","TC17 - Verify Manage Reviews Filter by Status","Surefire suite","Fri Jan 02 17:59:10 UTC 2026","skipped","Fri Jan 02 17:59:10 UTC 2026","project_orangehrm.Test.Performance_MyReviews_Test","Surefire test","project_orangehrm.Test.Performance_MyReviews_Test","verifyManageReviews_FilterByStatus_Success"
"","4982","TC01 - Add Leave Entitlement to Employee","Foundation_Suite","Fri Jan 02 17:47:46 UTC 2026","passed","Fri Jan 02 17:47:51 UTC 2026","project_orangehrm.Test.Leave_Entitlements_Test","Foundation_Data_Seeding","project_orangehrm.Test.Leave_Entitlements_Test","verifyAddEntitlement_Success"
"","6033","TC03 - Negative: Verify error message when required fields are empty","Surefire suite","Fri Jan 02 17:52:10 UTC 2026","passed","Fri Jan 02 17:52:16 UTC 2026","project_orangehrm.Test.LoginTest","Surefire test","project_orangehrm.Test.LoginTest","verifyLogin_EmptyFields_ShowRequiredMessage"
"","25802","TC09 - Verify error when creating a duplicate Employment Status","Surefire suite","Fri Jan 02 17:57:15 UTC 2026","passed","Fri Jan 02 17:57:41 UTC 2026","project_orangehrm.Test.AdminJobTest","Surefire test","project_orangehrm.Test.AdminJobTest","verifyEmploymentStatus_DuplicateEntry_ShowError"
"","0","TC16 - Verify Manage Reviews Search by Reviewer","Surefire suite","Fri Jan 02 17:59:06 UTC 2026","skipped","Fri Jan 02 17:59:06 UTC 2026","project_orangehrm.Test.Performance_MyReviews_Test","Surefire test","project_orangehrm.Test.Performance_MyReviews_Test","verifyManageReviews_SearchByReviewer_Success"
"","14787","TC11 - Verify Employee Claims Cancel Action","Surefire suite","Fri Jan 02 17:58:10 UTC 2026","broken","Fri Jan 02 17:58:25 UTC 2026","project_orangehrm.Test.Claim_EmployeeClaims_Test","Surefire test","project_orangehrm.Test.Claim_EmployeeClaims_Test","verifyEmployeeClaims_Cancel_Success"
"","8913","TC02 - Negative: Verify validation errors for all required fields in User Form","Surefire suite","Fri Jan 02 17:54:00 UTC 2026","passed","Fri Jan 02 17:54:09 UTC 2026","project_orangehrm.Test.AdminUserManagementTest","Surefire test","project_orangehrm.Test.AdminUserManagementTest","verifyUserManagement_EmptyFields_ShowError"
"","0","TC03 - Verify Leave List Filter by Status","Surefire suite","Fri Jan 02 17:53:46 UTC 2026","skipped","Fri Jan 02 17:53:46 UTC 2026","project_orangehrm.Test.Leave_LeaveList_Test","Surefire test","project_orangehrm.Test.Leave_LeaveList_Test","verifyLeaveList_FilterByStatus_Success"
"","4933","TC06 - Verify Employee Claims Filter by Date Range","Surefire suite","Fri Jan 02 17:55:39 UTC 2026","passed","Fri Jan 02 17:55:43 UTC 2026","project_orangehrm.Test.Claim_EmployeeClaims_Test","Surefire test","project_orangehrm.Test.Claim_EmployeeClaims_Test","verifyEmployeeClaims_FilterByDateRange_Success"
"","27974","TC01 - Verify Apply Leave Success","Surefire suite","Fri Jan 02 17:52:28 UTC 2026","broken","Fri Jan 02 17:52:56 UTC 2026","project_orangehrm.Test.Leave_ApplyLeave_Test","Surefire test","project_orangehrm.Test.Leave_ApplyLeave_Test","verifyApplyLeave_Success"
"","0","TC15 - Verify Search by Hiring Manager","Surefire suite","Fri Jan 02 17:54:42 UTC 2026","skipped","Fri Jan 02 17:54:42 UTC 2026","project_orangehrm.Test.Recruitment_CandidateWorkflow_Test","Surefire test","project_orangehrm.Test.Recruitment_CandidateWorkflow_Test","verifyCandidate_SearchByHiringManager_Success"
"","23268","TC06 - Verify Language Packages Lifecycle: Add, Verify, Delete","Surefire suite","Fri Jan 02 17:56:43 UTC 2026","passed","Fri Jan 02 17:57:07 UTC 2026","project_orangehrm.Test.Admin_Configuration_Test","Surefire test","project_orangehrm.Test.Admin_Configuration_Test","verifyLanguagePackages_Lifecycle_Success"
"","17594","TC01 - Verify Vacancy Lifecycle: Create, Verify","Foundation_Suite","Fri Jan 02 17:50:05 UTC 2026","passed","Fri Jan 02 17:50:22 UTC 2026","project_orangehrm.Test.Recruitment_Vacancies_Test","Foundation_Data_Seeding","project_orangehrm.Test.Recruitment_Vacancies_Test","verifyVacancy_Lifecycle_Success"
"","0","TC05 - Verify Directory Reset Filters","Surefire suite","Fri Jan 02 17:54:07 UTC 2026","skipped","Fri Jan 02 17:54:07 UTC 2026","project_orangehrm.Test.Directory_Test","Surefire test","project_orangehrm.Test.Directory_Test","verifyDirectory_ResetFilters_Success"
"","17565","TC02 - Verify Submit Timesheet (Workflow Status)","Surefire suite","Fri Jan 02 17:54:02 UTC 2026","broken","Fri Jan 02 17:54:20 UTC 2026","project_orangehrm.Test.Time_Timesheets_Test","Surefire test","project_orangehrm.Test.Time_Timesheets_Test","verifyTimesheet_Submit_Success"
"","15861","TC04 - Verify Employee Claims Search by Event","Surefire suite","Fri Jan 02 17:54:27 UTC 2026","passed","Fri Jan 02 17:54:43 UTC 2026","project_orangehrm.Test.Claim_EmployeeClaims_Test","Surefire test","project_orangehrm.Test.Claim_EmployeeClaims_Test","verifyEmployeeClaims_SearchByEvent_Success"
"","4","setUp","Surefire suite","Fri Jan 02 17:54:24 UTC 2026","broken","Fri Jan 02 17:54:24 UTC 2026","project_orangehrm.Test.Claim_Advanced_Test","Surefire test","project_orangehrm.Test.Claim_Advanced_Test","setUp"
"","24463","TC03 - Verify validation error for empty Skill Name","Surefire suite","Fri Jan 02 17:53:05 UTC 2026","passed","Fri Jan 02 17:53:29 UTC 2026","project_orangehrm.Test.Admin_Qualifications_Test","Surefire test","project_orangehrm.Test.Admin_Qualifications_Test","verifySkills_EmptyFields_ShowError"
"","21219","TC08 - Verify validation error for empty Unit Name in Structure","Surefire suite","Fri Jan 02 17:57:01 UTC 2026","failed","Fri Jan 02 17:57:22 UTC 2026","project_orangehrm.Test.AdminOrganizationTest","Surefire test","project_orangehrm.Test.AdminOrganizationTest","verifyStructure_EmptyFields_ShowError"
"","13619","TC01 - Verify Customer Add","Foundation_Suite","Fri Jan 02 17:48:53 UTC 2026","passed","Fri Jan 02 17:49:06 UTC 2026","project_orangehrm.Test.Time_ProjectInfo_Test","Foundation_Data_Seeding","project_orangehrm.Test.Time_ProjectInfo_Test","verifyCustomer_Add_Success"
"","10017","TC13 - Verify Language Lifecycle: Create","Surefire suite","Fri Jan 02 18:00:03 UTC 2026","broken","Fri Jan 02 18:00:13 UTC 2026","project_orangehrm.Test.Admin_Qualifications_Test","Surefire test","project_orangehrm.Test.Admin_Qualifications_Test","verifyLanguages_Lifecycle_Success"
"","1","setup","Surefire suite","Fri Jan 02 17:58:54 UTC 2026","broken","Fri Jan 02 17:58:54 UTC 2026","project_orangehrm.Test.Performance_MyReviews_Test","Surefire test","project_orangehrm.Test.Performance_MyReviews_Test","setup"
"","1","TC05 - Verify My Attendance Records","Surefire suite","Fri Jan 02 17:53:31 UTC 2026","skipped","Fri Jan 02 17:53:31 UTC 2026","project_orangehrm.Test.Time_Attendance_Test","Surefire test","project_orangehrm.Test.Time_Attendance_Test","verifyMyRecords_View_Success"
"","0","TC06 - Verify Leave List Filter by Sub Unit","Surefire suite","Fri Jan 02 17:54:03 UTC 2026","skipped","Fri Jan 02 17:54:03 UTC 2026","project_orangehrm.Test.Leave_LeaveList_Test","Surefire test","project_orangehrm.Test.Leave_LeaveList_Test","verifyLeaveList_FilterBySubUnit_Success"
"","13272","TC03 - Cleanup Vacancy - Senior Java SDET","Surefire suite","Fri Jan 02 18:22:09 UTC 2026","passed","Fri Jan 02 18:22:22 UTC 2026","project_orangehrm.TestCleaning.RecruitmentTestCleaning","Surefire test","project_orangehrm.TestCleaning.RecruitmentTestCleaning","cleanUpVacancy_SeniorJavaSDET"
"","22380","TC02 - Verify Punch Punch In/Out Workflow","Surefire suite","Fri Jan 02 17:52:34 UTC 2026","broken","Fri Jan 02 17:52:56 UTC 2026","project_orangehrm.Test.Time_Attendance_Test","Surefire test","project_orangehrm.Test.Time_Attendance_Test","verifyPunchIn_Out_Validate"
"","10079","TC01 - Verify Dashboard Widget Toggle Visibility","Surefire suite","Fri Jan 02 17:51:42 UTC 2026","broken","Fri Jan 02 17:51:52 UTC 2026","project_orangehrm.Test.Dashboard_Advanced_Test","Surefire test","project_orangehrm.Test.Dashboard_Advanced_Test","verifyWidget_ToggleVisibility"
"","23556","TC02 - Verify Reset Search Filters","Surefire suite","Fri Jan 02 17:52:53 UTC 2026","passed","Fri Jan 02 17:53:16 UTC 2026","project_orangehrm.Test.Recruitment_Search_And_Data_Test","Surefire test","project_orangehrm.Test.Recruitment_Search_And_Data_Test","verifySearch_Reset_Success"
"","11424","TC04 - Cleanup Job Category - Professionals - QA Engineer","Surefire suite","Fri Jan 02 18:22:45 UTC 2026","passed","Fri Jan 02 18:22:57 UTC 2026","project_orangehrm.TestCleaning.AdminTestCleaning","Surefire test","project_orangehrm.TestCleaning.AdminTestCleaning","cleanUpJobCategory"
"","0","TC09 - Verify Leave Cancel Action","Surefire suite","Fri Jan 02 17:54:20 UTC 2026","skipped","Fri Jan 02 17:54:20 UTC 2026","project_orangehrm.Test.Leave_LeaveList_Test","Surefire test","project_orangehrm.Test.Leave_LeaveList_Test","verifyLeaveList_Cancel_Success"
"","9135","TC09 - Verify Social Media Authentication: Add Provider Validation","Surefire suite","Fri Jan 02 17:58:16 UTC 2026","passed","Fri Jan 02 17:58:25 UTC 2026","project_orangehrm.Test.Admin_Configuration_Test","Surefire test","project_orangehrm.Test.Admin_Configuration_Test","verifySocialMedia_AddProvider_Validation"
"","1","TC04 - Verify Tracker Lifecycle: Create","Surefire suite","Fri Jan 02 17:55:43 UTC 2026","skipped","Fri Jan 02 17:55:43 UTC 2026","project_orangehrm.Test.Performance_Configuration_Test","Surefire test","project_orangehrm.Test.Performance_Configuration_Test","verifyTracker_Lifecycle_Success"
"","17493","TC08 - Add Immigration Document (Passport)","Surefire suite","Fri Jan 02 17:58:04 UTC 2026","passed","Fri Jan 02 17:58:21 UTC 2026","project_orangehrm.Test.PIM_EmployeeDetails_Test","Surefire test","project_orangehrm.Test.PIM_EmployeeDetails_Test","addImmigrationDocument_Passport_Success"
"","32354","TC04 - Verify Emergency Contact Add","Surefire suite","Fri Jan 02 17:55:12 UTC 2026","passed","Fri Jan 02 17:55:44 UTC 2026","project_orangehrm.Test.PIM_EmployeeDetails_Test","Surefire test","project_orangehrm.Test.PIM_EmployeeDetails_Test","verifyEmergencyContact_Add_Success"
"","0","TC05 - Verify Nationality Search Functionality","Surefire suite","Fri Jan 02 17:54:53 UTC 2026","skipped","Fri Jan 02 17:54:53 UTC 2026","project_orangehrm.Test.Admin_Nationalities_Test","Surefire test","project_orangehrm.Test.Admin_Nationalities_Test","verifyNationality_Search_Success"
"","0","TC03 - Search Employee Entitlements","Surefire suite","Fri Jan 02 17:52:20 UTC 2026","skipped","Fri Jan 02 17:52:20 UTC 2026","project_orangehrm.Test.Leave_Entitlements_Test","Surefire test","project_orangehrm.Test.Leave_Entitlements_Test","verifyEmployeeEntitlements_Search_Success"
"","0","TC20 - Verify error when creating a duplicate Work Shift","Surefire suite","Fri Jan 02 18:00:24 UTC 2026","skipped","Fri Jan 02 18:00:24 UTC 2026","project_orangehrm.Test.AdminJobTest","Surefire test","project_orangehrm.Test.AdminJobTest","verifyWorkShift_DuplicateEntry_ShowError"
"","7","TC01 - Positive: Verify Post Lifecycle (Create, View, Delete)","Surefire suite","Fri Jan 02 17:54:49 UTC 2026","skipped","Fri Jan 02 17:54:49 UTC 2026","project_orangehrm.Test.Buzz_Newsfeed_Test","Surefire test","project_orangehrm.Test.Buzz_Newsfeed_Test","verifyPost_Lifecycle_Success"
"","15203","TC01 - Cleanup KPI - Zero Production Bugs","Surefire suite","Fri Jan 02 18:21:34 UTC 2026","passed","Fri Jan 02 18:21:50 UTC 2026","project_orangehrm.TestCleaning.PerformanceTestCleaning","Surefire test","project_orangehrm.TestCleaning.PerformanceTestCleaning","cleanUpKPI_ZeroProductionBugs"
"","0","TC02 - Positive: Verify Engagement (Like and Comment)","Surefire suite","Fri Jan 02 17:55:34 UTC 2026","skipped","Fri Jan 02 17:55:34 UTC 2026","project_orangehrm.Test.Buzz_Newsfeed_Test","Surefire test","project_orangehrm.Test.Buzz_Newsfeed_Test","verifyEngagement_Success"
"","0","TC05 - Verify Tracker Validation Errors","Surefire suite","Fri Jan 02 17:55:46 UTC 2026","skipped","Fri Jan 02 17:55:46 UTC 2026","project_orangehrm.Test.Performance_Configuration_Test","Surefire test","project_orangehrm.Test.Performance_Configuration_Test","verifyTracker_EmptyFields_Error"
"","23132","TC04 - Verify Pay Grade Lifecycle with Currency: Create, Add Currency","Foundation_Suite","Fri Jan 02 17:44:31 UTC 2026","broken","Fri Jan 02 17:44:54 UTC 2026","project_orangehrm.Test.AdminJobTest","Foundation_Data_Seeding","project_orangehrm.Test.AdminJobTest","verifyPayGrade_WithCurrency_Success"
"","21106","TC02 - Generate My Leave Entitlements Report","Surefire suite","Fri Jan 02 17:52:57 UTC 2026","passed","Fri Jan 02 17:53:18 UTC 2026","project_orangehrm.Test.Leave_Reports_Test","Surefire test","project_orangehrm.Test.Leave_Reports_Test","verifyMyLeaveReport_Generate"
"","20416","TC07 - Verify Dependent Delete","Surefire suite","Fri Jan 02 17:57:28 UTC 2026","passed","Fri Jan 02 17:57:48 UTC 2026","project_orangehrm.Test.PIM_EmployeeDetails_Test","Surefire test","project_orangehrm.Test.PIM_EmployeeDetails_Test","verifyDependent_Delete_Success"
"","19164","TC02 - Verify Add Employee with Login Details (Create User Account)","Foundation_Suite","Fri Jan 02 17:45:47 UTC 2026","passed","Fri Jan 02 17:46:06 UTC 2026","project_orangehrm.Test.PIM_Employee_Test","Foundation_Data_Seeding","project_orangehrm.Test.PIM_Employee_Test","verifyEmployee_WithLoginDetails_Success"
"","10021","TC03 - Verify Hiding and Showing Widgets","Surefire suite","Fri Jan 02 17:53:29 UTC 2026","broken","Fri Jan 02 17:53:39 UTC 2026","project_orangehrm.Test.Dashboard_UserActions_Test","Surefire test","project_orangehrm.Test.Dashboard_UserActions_Test","verifyDashboard_Configuration_Toggle"
"","32736","TC03 - Verify Shortlist Candidate","Surefire suite","Fri Jan 02 17:53:10 UTC 2026","broken","Fri Jan 02 17:53:43 UTC 2026","project_orangehrm.Test.Recruitment_CandidateWorkflow_Test","Surefire test","project_orangehrm.Test.Recruitment_CandidateWorkflow_Test","verifyCandidate_Shortlist_Success"
"","0","TC08 - Verify Leave Reject Action","Surefire suite","Fri Jan 02 17:54:14 UTC 2026","skipped","Fri Jan 02 17:54:14 UTC 2026","project_orangehrm.Test.Leave_LeaveList_Test","Surefire test","project_orangehrm.Test.Leave_LeaveList_Test","verifyLeaveList_Reject_Success"
"","24779","TC18 - Verify Membership Lifecycle: Create, Edit, Delete","Surefire suite","Fri Jan 02 18:01:38 UTC 2026","passed","Fri Jan 02 18:02:03 UTC 2026","project_orangehrm.Test.Admin_Qualifications_Test","Surefire test","project_orangehrm.Test.Admin_Qualifications_Test","verifyMemberships_Lifecycle_Edit"
"","32598","TC04 - Verify Custom Field Validation Errors","Surefire suite","Fri Jan 02 17:54:42 UTC 2026","failed","Fri Jan 02 17:55:14 UTC 2026","project_orangehrm.Test.PIM_Configuration_Test","Surefire test","project_orangehrm.Test.PIM_Configuration_Test","verifyCustomField_EmptyFields_ShowError"
"","0","TC11 - Verify Leave List Add Comment","Surefire suite","Fri Jan 02 17:54:31 UTC 2026","skipped","Fri Jan 02 17:54:31 UTC 2026","project_orangehrm.Test.Leave_LeaveList_Test","Surefire test","project_orangehrm.Test.Leave_LeaveList_Test","verifyLeaveList_AddComment_Success"
"","27506","TC14 - Verify Language Lifecycle: Create, Edit, Delete","Surefire suite","Fri Jan 02 18:00:20 UTC 2026","passed","Fri Jan 02 18:00:47 UTC 2026","project_orangehrm.Test.Admin_Qualifications_Test","Surefire test","project_orangehrm.Test.Admin_Qualifications_Test","verifyLanguages_Lifecycle_Edit"
"","11454","TC01 - Cleanup Job Title - Principal SDET Engineer","Surefire suite","Fri Jan 02 18:21:45 UTC 2026","passed","Fri Jan 02 18:21:57 UTC 2026","project_orangehrm.TestCleaning.AdminTestCleaning","Surefire test","project_orangehrm.TestCleaning.AdminTestCleaning","cleanUpJobTitle"
"","5829","TC14 - Verify My Claims Filter by Event","Surefire suite","Fri Jan 02 17:59:39 UTC 2026","passed","Fri Jan 02 17:59:44 UTC 2026","project_orangehrm.Test.Claim_EmployeeClaims_Test","Surefire test","project_orangehrm.Test.Claim_EmployeeClaims_Test","verifyMyClaims_FilterByEvent_Success"
"","9172","TC01 - Verify Location Lifecycle: Create, Verify in Table","Foundation_Suite","Fri Jan 02 17:44:59 UTC 2026","passed","Fri Jan 02 17:45:08 UTC 2026","project_orangehrm.Test.AdminOrganizationTest","Foundation_Data_Seeding","project_orangehrm.Test.AdminOrganizationTest","verifyLocation_Lifecycle_Success"
"","33749","TC06 - Verify Edit User: Change Status from Enabled to Disabled","Surefire suite","Fri Jan 02 17:56:17 UTC 2026","broken","Fri Jan 02 17:56:51 UTC 2026","project_orangehrm.Test.AdminUserManagementTest","Surefire test","project_orangehrm.Test.AdminUserManagementTest","verifyUserManagement_EditUser_Success"
"","11353","TC08 - Cleanup Education - Master of Science","Surefire suite","Fri Jan 02 18:23:58 UTC 2026","passed","Fri Jan 02 18:24:10 UTC 2026","project_orangehrm.TestCleaning.AdminTestCleaning","Surefire test","project_orangehrm.TestCleaning.AdminTestCleaning","cleanUpEducation"
"","12384","TC03 - Cleanup Termination Reason - Better Salary Opportunity","Surefire suite","Fri Jan 02 18:22:22 UTC 2026","passed","Fri Jan 02 18:22:34 UTC 2026","project_orangehrm.TestCleaning.PIMTestCleaning","Surefire test","project_orangehrm.TestCleaning.PIMTestCleaning","cleanUpTerminationReason_BetterSalaryOpportunity"
"","34679","TC01 - Verify Nationality Lifecycle: Create, Verify","Surefire suite","Fri Jan 02 17:53:47 UTC 2026","failed","Fri Jan 02 17:54:21 UTC 2026","project_orangehrm.Test.Admin_Nationalities_Test","Surefire test","project_orangehrm.Test.Admin_Nationalities_Test","verifyNationality_Lifecycle_Success"
"","28058","TC01 - Generate Leave Entitlements and Usage Report","Surefire suite","Fri Jan 02 17:51:58 UTC 2026","passed","Fri Jan 02 17:52:26 UTC 2026","project_orangehrm.Test.Leave_Reports_Test","Surefire test","project_orangehrm.Test.Leave_Reports_Test","verifyLeaveUsageReport_Generate"
"","11623","TC05 - Cleanup Candidate - Failed Candidate","Surefire suite","Fri Jan 02 18:22:46 UTC 2026","passed","Fri Jan 02 18:22:58 UTC 2026","project_orangehrm.TestCleaning.RecruitmentTestCleaning","Surefire test","project_orangehrm.TestCleaning.RecruitmentTestCleaning","cleanUpCandidate_FailedCandidate"
"","13396","TC11 - Verify My Trackers Delete Log","Surefire suite","Fri Jan 02 17:58:06 UTC 2026","broken","Fri Jan 02 17:58:20 UTC 2026","project_orangehrm.Test.Performance_MyReviews_Test","Surefire test","project_orangehrm.Test.Performance_MyReviews_Test","verifyMyTrackers_DeleteLog_Success"
"","22684","TC09 - Verify Employee Claims View Details","Surefire suite","Fri Jan 02 17:57:07 UTC 2026","failed","Fri Jan 02 17:57:29 UTC 2026","project_orangehrm.Test.Claim_EmployeeClaims_Test","Surefire test","project_orangehrm.Test.Claim_EmployeeClaims_Test","verifyEmployeeClaims_ViewDetails_Success"
"","26541","TC02 - Verify Supervisor Grading Employee Review","Surefire suite","Fri Jan 02 17:52:59 UTC 2026","broken","Fri Jan 02 17:53:26 UTC 2026","project_orangehrm.Test.Performance_Evaluation_Test","Surefire test","project_orangehrm.Test.Performance_Evaluation_Test","verifySupervisorReview_Submit_Success"
"","1","TC03 - Verify Punch Punch In/Out Verify, Edit, Delete Workflow","Surefire suite","Fri Jan 02 17:53:16 UTC 2026","skipped","Fri Jan 02 17:53:16 UTC 2026","project_orangehrm.Test.Time_Attendance_Test","Surefire test","project_orangehrm.Test.Time_Attendance_Test","verifyPunchIn_Out_Success_Edit"
"","32197","TC02 - Verify Review Validation Errors","Surefire suite","Fri Jan 02 17:52:36 UTC 2026","passed","Fri Jan 02 17:53:08 UTC 2026","project_orangehrm.Test.Performance_Reviews_Test","Surefire test","project_orangehrm.Test.Performance_Reviews_Test","verifyReview_EmptyFields_Error"
"","11751","TC04 - Cleanup Candidate - Workflow Candidate","Surefire suite","Fri Jan 02 18:22:29 UTC 2026","passed","Fri Jan 02 18:22:41 UTC 2026","project_orangehrm.TestCleaning.RecruitmentTestCleaning","Surefire test","project_orangehrm.TestCleaning.RecruitmentTestCleaning","cleanUpCandidate_WorkflowCandidate"
"","0","TC15 - Verify Manage Reviews Search by Employee","Surefire suite","Fri Jan 02 17:59:02 UTC 2026","skipped","Fri Jan 02 17:59:02 UTC 2026","project_orangehrm.Test.Performance_MyReviews_Test","Surefire test","project_orangehrm.Test.Performance_MyReviews_Test","verifyManageReviews_SearchByEmployee_Success"
"","37456","TC02 - Verify Candidate Declines Job Offer","Surefire suite","Fri Jan 02 17:52:10 UTC 2026","broken","Fri Jan 02 17:52:48 UTC 2026","project_orangehrm.Test.Recruitment_Candidate_E2E_Test","Surefire test","project_orangehrm.Test.Recruitment_Candidate_E2E_Test","verifyCandidate_OfferDeclined_Flow"
"","5042","TC12 - Verify Employee Claims Reset Filters","Surefire suite","Fri Jan 02 17:58:38 UTC 2026","passed","Fri Jan 02 17:58:44 UTC 2026","project_orangehrm.Test.Claim_EmployeeClaims_Test","Surefire test","project_orangehrm.Test.Claim_EmployeeClaims_Test","verifyEmployeeClaims_ResetFilters_Success"
"","10941","TC02 - Verify Directory Search by Job Title","Surefire suite","Fri Jan 02 17:52:35 UTC 2026","passed","Fri Jan 02 17:52:46 UTC 2026","project_orangehrm.Test.Directory_Test","Surefire test","project_orangehrm.Test.Directory_Test","verifyDirectory_SearchByJobTitle_Success"
"","2854","TC11 - Verify Reset Search Filters","Surefire suite","Fri Jan 02 17:58:45 UTC 2026","passed","Fri Jan 02 17:58:47 UTC 2026","project_orangehrm.Test.AdminUserManagementTest","Surefire test","project_orangehrm.Test.AdminUserManagementTest","verifyUserManagement_ResetFilter_Success"
"","2730","TC15 - Verify validation error for empty Language Name","Surefire suite","Fri Jan 02 18:00:54 UTC 2026","passed","Fri Jan 02 18:00:57 UTC 2026","project_orangehrm.Test.Admin_Qualifications_Test","Surefire test","project_orangehrm.Test.Admin_Qualifications_Test","verifyLanguages_EmptyFields_ShowError"
"","50928","TC03 - Verify Report Lifecycle: Create, Verify, Edit, Delete","Surefire suite","Fri Jan 02 17:53:17 UTC 2026","broken","Fri Jan 02 17:54:07 UTC 2026","project_orangehrm.Test.PIM_Reports_Test","Surefire test","project_orangehrm.Test.PIM_Reports_Test","verifyReport_Lifecycle_Edit"
"","1","TC02 - Verify Submit, Edit Claim Logic","Surefire suite","Fri Jan 02 17:52:53 UTC 2026","skipped","Fri Jan 02 17:52:53 UTC 2026","project_orangehrm.Test.Claim_Operations_Test","Surefire test","project_orangehrm.Test.Claim_Operations_Test","verifyClaim_Edit"
"","34589","TC01 - Verify Submit Claim Logic","Surefire suite","Fri Jan 02 17:51:59 UTC 2026","broken","Fri Jan 02 17:52:34 UTC 2026","project_orangehrm.Test.Claim_Operations_Test","Surefire test","project_orangehrm.Test.Claim_Operations_Test","verifySubmitClaim_Logic"
"","7377","TC08 - Verify Modules Page Load and Save","Surefire suite","Fri Jan 02 17:57:58 UTC 2026","passed","Fri Jan 02 17:58:05 UTC 2026","project_orangehrm.Test.Admin_Configuration_Test","Surefire test","project_orangehrm.Test.Admin_Configuration_Test","verifyModules_Configuration_Save"
"","15629","TC08 - Verify My Trackers Page Display","Surefire suite","Fri Jan 02 17:56:34 UTC 2026","failed","Fri Jan 02 17:56:50 UTC 2026","project_orangehrm.Test.Performance_MyReviews_Test","Surefire test","project_orangehrm.Test.Performance_MyReviews_Test","verifyMyTrackers_Display_Success"
"","7976","TC05 - Verify Data Import Validation (No File Selected)","Surefire suite","Fri Jan 02 17:55:31 UTC 2026","passed","Fri Jan 02 17:55:39 UTC 2026","project_orangehrm.Test.PIM_Configuration_Test","Surefire test","project_orangehrm.Test.PIM_Configuration_Test","verifyDataImport_Validation_Error"
"","18356","TC03 - Verify Work Week Configuration Update","Surefire suite","Fri Jan 02 17:55:38 UTC 2026","broken","Fri Jan 02 17:55:56 UTC 2026","project_orangehrm.Test.Leave_Configuration_Test","Surefire test","project_orangehrm.Test.Leave_Configuration_Test","verifyWorkWeek_Update_Success"
"","11972","TC16 - Verify Membership Add","Surefire suite","Fri Jan 02 18:01:40 UTC 2026","broken","Fri Jan 02 18:01:52 UTC 2026","project_orangehrm.Test.PIM_EmployeeDetails_Test","Surefire test","project_orangehrm.Test.PIM_EmployeeDetails_Test","verifyMembership_Add_Success"
"","21538","TC03 - Verify Time at Work Stopwatch Integration","Surefire suite","Fri Jan 02 17:52:57 UTC 2026","passed","Fri Jan 02 17:53:19 UTC 2026","project_orangehrm.Test.Dashboard_Widgets_Test","Surefire test","project_orangehrm.Test.Dashboard_Widgets_Test","verifyTimeWidget_ClockAction"
"","11969","TC02 - Cleanup Reporting Method - Weekly Scrum Report","Surefire suite","Fri Jan 02 18:21:57 UTC 2026","passed","Fri Jan 02 18:22:09 UTC 2026","project_orangehrm.TestCleaning.PIMTestCleaning","Surefire test","project_orangehrm.TestCleaning.PIMTestCleaning","cleanUpReportingMethod_WeeklyScrumReport"
"","26321","TC10 - Verify OAuth Client Lifecycle: Create, Verify, Delete","Surefire suite","Fri Jan 02 17:58:39 UTC 2026","passed","Fri Jan 02 17:59:06 UTC 2026","project_orangehrm.Test.Admin_Configuration_Test","Surefire test","project_orangehrm.Test.Admin_Configuration_Test","verifyOAuthClient_Lifecycle_Success"
"","44547","TC04 - Verify Event: Handle Duplication","Surefire suite","Fri Jan 02 17:53:45 UTC 2026","failed","Fri Jan 02 17:54:30 UTC 2026","project_orangehrm.Test.Claim_Configuration_Test","Surefire test","project_orangehrm.Test.Claim_Configuration_Test","verifyEvent_Duplicate_Handling"
"","13435","TC06 - Cleanup Location - Cairo Innovation Hub","Surefire suite","Fri Jan 02 18:23:20 UTC 2026","passed","Fri Jan 02 18:23:33 UTC 2026","project_orangehrm.TestCleaning.AdminTestCleaning","Surefire test","project_orangehrm.TestCleaning.AdminTestCleaning","cleanUpLocation"
"","1","TC04 - Negative: Verify Post Creation with Empty Content","Surefire suite","Fri Jan 02 17:55:39 UTC 2026","skipped","Fri Jan 02 17:55:39 UTC 2026","project_orangehrm.Test.Buzz_Newsfeed_Test","Surefire test","project_orangehrm.Test.Buzz_Newsfeed_Test","verifyEmptyPost_Error"
"","11932","TC15 - Verify License Add","Surefire suite","Fri Jan 02 18:01:23 UTC 2026","broken","Fri Jan 02 18:01:35 UTC 2026","project_orangehrm.Test.PIM_EmployeeDetails_Test","Surefire test","project_orangehrm.Test.PIM_EmployeeDetails_Test","verifyQualifications_License_Add_Success"
"","1","TC16 - Verify Reset Search Filters","Surefire suite","Fri Jan 02 17:54:47 UTC 2026","skipped","Fri Jan 02 17:54:47 UTC 2026","project_orangehrm.Test.Recruitment_CandidateWorkflow_Test","Surefire test","project_orangehrm.Test.Recruitment_CandidateWorkflow_Test","verifyCandidate_ResetFilters_Success"
"","36579","TC06 - Verify error when creating a duplicate Pay Grade","Surefire suite","Fri Jan 02 17:55:20 UTC 2026","passed","Fri Jan 02 17:55:57 UTC 2026","project_orangehrm.Test.AdminJobTest","Surefire test","project_orangehrm.Test.AdminJobTest","verifyPayGrade_DuplicateEntry_ShowError"
"","10055","TC02 - Verify Quick Launch Shortcuts Redirection","Surefire suite","Fri Jan 02 17:52:17 UTC 2026","broken","Fri Jan 02 17:52:27 UTC 2026","project_orangehrm.Test.Dashboard_Widgets_Test","Surefire test","project_orangehrm.Test.Dashboard_Widgets_Test","verifyQuickLaunch_Navigation"
"","18907","TC06 - Verify Leave Period Configuration Update","Surefire suite","Fri Jan 02 17:57:40 UTC 2026","broken","Fri Jan 02 17:57:59 UTC 2026","project_orangehrm.Test.Leave_Configuration_Test","Surefire test","project_orangehrm.Test.Leave_Configuration_Test","verifyLeavePeriod_Update_Success"
"","13011","TC06 - Cleanup Employee - Dev Ops Trem (ID: 0333)","Surefire suite","Fri Jan 02 18:23:09 UTC 2026","passed","Fri Jan 02 18:23:22 UTC 2026","project_orangehrm.TestCleaning.PIMTestCleaning","Surefire test","project_orangehrm.TestCleaning.PIMTestCleaning","cleanUpEmployee_DevOpsTrem"
"","18285","TC07 - Verify Organization Unit Lifecycle: Enable Edit, Create, Verify, Delete","Surefire suite","Fri Jan 02 17:56:29 UTC 2026","passed","Fri Jan 02 17:56:47 UTC 2026","project_orangehrm.Test.AdminOrganizationTest","Surefire test","project_orangehrm.Test.AdminOrganizationTest","verifyStructure_Lifecycle_Success"
"","13560","TC02 - Verify Add Candidate Validation","Surefire suite","Fri Jan 02 17:51:26 UTC 2026","passed","Fri Jan 02 17:51:39 UTC 2026","project_orangehrm.Test.Recruitment_Actions_Test","Surefire test","project_orangehrm.Test.Recruitment_Actions_Test","verifyCandidate_EmptyFields_Error"
"","11397","TC01 - Cleanup Event - Global QA Summit 2025","Surefire suite","Fri Jan 02 18:21:40 UTC 2026","passed","Fri Jan 02 18:21:51 UTC 2026","project_orangehrm.TestCleaning.ClaimTestCleaning","Surefire test","project_orangehrm.TestCleaning.ClaimTestCleaning","cleanUpEvent_GlobalQASummit2025"
"","7","TC01 - Verify Maintenance Access Requires Password","Surefire suite","Fri Jan 02 17:54:42 UTC 2026","skipped","Fri Jan 02 17:54:42 UTC 2026","project_orangehrm.Test.Maintenance_Authentication_Test","Surefire test","project_orangehrm.Test.Maintenance_Authentication_Test","verifyMaintenance_Access_Security"
"","26042","TC05 - Verify Education Level Lifecycle: Create","Surefire suite","Fri Jan 02 17:55:08 UTC 2026","passed","Fri Jan 02 17:55:34 UTC 2026","project_orangehrm.Test.Admin_Qualifications_Test","Surefire test","project_orangehrm.Test.Admin_Qualifications_Test","verifyEducation_Lifecycle_Success"
"","10011","TC12 - Verify LDAP Configuration Form Validation","Surefire suite","Fri Jan 02 18:00:04 UTC 2026","broken","Fri Jan 02 18:00:14 UTC 2026","project_orangehrm.Test.Admin_Configuration_Test","Surefire test","project_orangehrm.Test.Admin_Configuration_Test","verifyLDAPConfiguration_Validation_Error"
"","7498","TC05 - Verify My Leave List Display","Surefire suite","Fri Jan 02 17:55:54 UTC 2026","passed","Fri Jan 02 17:56:01 UTC 2026","project_orangehrm.Test.Leave_ApplyLeave_Test","Surefire test","project_orangehrm.Test.Leave_ApplyLeave_Test","verifyMyLeave_ListDisplay_Success"
"","35831","TC01 - Manage Review Lifecycle: Create, Activate, Delete","Surefire suite","Fri Jan 02 17:51:20 UTC 2026","broken","Fri Jan 02 17:51:55 UTC 2026","project_orangehrm.Test.Performance_Reviews_Test","Surefire test","project_orangehrm.Test.Performance_Reviews_Test","verifyReview_Lifecycle_Success"
"","17031","TC05 - Verify My Reviews Filter by From Date","Surefire suite","Fri Jan 02 17:54:55 UTC 2026","broken","Fri Jan 02 17:55:12 UTC 2026","project_orangehrm.Test.Performance_MyReviews_Test","Surefire test","project_orangehrm.Test.Performance_MyReviews_Test","verifyMyReviews_FilterByFromDate_Success"
"","12057","TC13 - Verify Skills Add","Surefire suite","Fri Jan 02 18:00:43 UTC 2026","broken","Fri Jan 02 18:00:55 UTC 2026","project_orangehrm.Test.PIM_EmployeeDetails_Test","Surefire test","project_orangehrm.Test.PIM_EmployeeDetails_Test","verifyQualifications_Skills_Add_Success"
"","7478","TC04 - Verify Email Configuration: Update SMTP Settings and Validation","Surefire suite","Fri Jan 02 17:55:42 UTC 2026","passed","Fri Jan 02 17:55:49 UTC 2026","project_orangehrm.Test.Admin_Configuration_Test","Surefire test","project_orangehrm.Test.Admin_Configuration_Test","verifyEmailConfiguration_UpdateAndValidation"
"","41499","TC01 - Verify Purge Employee Records Search & Delete","Surefire suite","Fri Jan 02 17:52:09 UTC 2026","broken","Fri Jan 02 17:52:50 UTC 2026","project_orangehrm.Test.Maintenance_PurgeRecords_Test","Surefire test","project_orangehrm.Test.Maintenance_PurgeRecords_Test","verifyPurgeEmployee_Lifecycle"
"","0","TC12 - Verify Leave List Reset Filters","Surefire suite","Fri Jan 02 17:54:36 UTC 2026","skipped","Fri Jan 02 17:54:36 UTC 2026","project_orangehrm.Test.Leave_LeaveList_Test","Surefire test","project_orangehrm.Test.Leave_LeaveList_Test","verifyLeaveList_ResetFilters_Success"
"","18804","TC05 - Verify validation error for empty Pay Grade Name","Surefire suite","Fri Jan 02 17:54:35 UTC 2026","passed","Fri Jan 02 17:54:53 UTC 2026","project_orangehrm.Test.AdminJobTest","Surefire test","project_orangehrm.Test.AdminJobTest","verifyPayGrade_EmptyFields_ShowError"
"","12564","TC08 - Verify Employee Claims Reject Action","Surefire suite","Fri Jan 02 17:56:38 UTC 2026","passed","Fri Jan 02 17:56:51 UTC 2026","project_orangehrm.Test.Claim_EmployeeClaims_Test","Surefire test","project_orangehrm.Test.Claim_EmployeeClaims_Test","verifyEmployeeClaims_Reject_Success"
"","11650","TC20 - Verify error when creating a duplicate Membership","Surefire suite","Fri Jan 02 18:02:16 UTC 2026","passed","Fri Jan 02 18:02:27 UTC 2026","project_orangehrm.Test.Admin_Qualifications_Test","Surefire test","project_orangehrm.Test.Admin_Qualifications_Test","verifyMemberships_DuplicateEntry_ShowError"
"","41202","TC02 - Verify Personal Details Edit","Surefire suite","Fri Jan 02 17:52:41 UTC 2026","broken","Fri Jan 02 17:53:22 UTC 2026","project_orangehrm.Test.PIM_EmployeeDetails_Test","Surefire test","project_orangehrm.Test.PIM_EmployeeDetails_Test","verifyPersonalDetails_Edit_Success"
"","6058","TC11 - Verify Termination Reason Validation","Surefire suite","Fri Jan 02 17:58:24 UTC 2026","passed","Fri Jan 02 17:58:30 UTC 2026","project_orangehrm.Test.PIM_Configuration_Test","Surefire test","project_orangehrm.Test.PIM_Configuration_Test","verifyTerminationReason_EmptyFields_ShowError"
"","29634","TC04 - Verify Report Validation Error","Surefire suite","Fri Jan 02 17:54:41 UTC 2026","failed","Fri Jan 02 17:55:11 UTC 2026","project_orangehrm.Test.PIM_Reports_Test","Surefire test","project_orangehrm.Test.PIM_Reports_Test","verifyReport_EmptyFields_ShowError"
"","27448","TC05 - Verify Emergency Contact Delete","Surefire suite","Fri Jan 02 17:55:59 UTC 2026","passed","Fri Jan 02 17:56:26 UTC 2026","project_orangehrm.Test.PIM_EmployeeDetails_Test","Surefire test","project_orangehrm.Test.PIM_EmployeeDetails_Test","verifyEmergencyContact_Delete_Success"
"","13463","TC01 - Cleanup Candidate - E2E Candidate","Surefire suite","Fri Jan 02 18:21:30 UTC 2026","passed","Fri Jan 02 18:21:43 UTC 2026","project_orangehrm.TestCleaning.RecruitmentTestCleaning","Surefire test","project_orangehrm.TestCleaning.RecruitmentTestCleaning","cleanUpCandidate_E2ECandidate"
"","29397","TC08 - Verify Expense Type: Handle Duplication","Surefire suite","Fri Jan 02 17:56:23 UTC 2026","passed","Fri Jan 02 17:56:52 UTC 2026","project_orangehrm.Test.Claim_Configuration_Test","Surefire test","project_orangehrm.Test.Claim_Configuration_Test","verifyExpenseType_Duplicate_Handling"
"","19290","TC08 - Verify My Leave Cancel Pending Request","Surefire suite","Fri Jan 02 17:57:02 UTC 2026","broken","Fri Jan 02 17:57:21 UTC 2026","project_orangehrm.Test.Leave_ApplyLeave_Test","Surefire test","project_orangehrm.Test.Leave_ApplyLeave_Test","verifyMyLeave_CancelRequest_Success"
"","24543","TC05 - Verify Holiday Validation Error","Surefire suite","Fri Jan 02 17:57:03 UTC 2026","failed","Fri Jan 02 17:57:27 UTC 2026","project_orangehrm.Test.Leave_Configuration_Test","Surefire test","project_orangehrm.Test.Leave_Configuration_Test","verifyHoliday_EmptyFields_Error"
"","143","TC01 - Verify Core Dashboard Widgets are Visible","Surefire suite","Fri Jan 02 17:51:47 UTC 2026","passed","Fri Jan 02 17:51:47 UTC 2026","project_orangehrm.Test.Dashboard_Widgets_Test","Surefire test","project_orangehrm.Test.Dashboard_Widgets_Test","verifyWidgets_Visibility"
"","0","TC19 - Verify validation error for empty Work Shift Name","Surefire suite","Fri Jan 02 18:00:22 UTC 2026","skipped","Fri Jan 02 18:00:22 UTC 2026","project_orangehrm.Test.AdminJobTest","Surefire test","project_orangehrm.Test.AdminJobTest","verifyWorkShift_EmptyFields_ShowError"
"","31353","TC01 - Verify Punch Punch In/Out Workflow","Surefire suite","Fri Jan 02 17:51:12 UTC 2026","broken","Fri Jan 02 17:51:44 UTC 2026","project_orangehrm.Test.Time_Attendance_Test","Surefire test","project_orangehrm.Test.Time_Attendance_Test","verifyPunchIn_Out_Success"
"","0","setup","Surefire suite","Fri Jan 02 17:52:56 UTC 2026","broken","Fri Jan 02 17:52:56 UTC 2026","project_orangehrm.Test.Recruitment_Vacancies_Test","Surefire test","project_orangehrm.Test.Recruitment_Vacancies_Test","setup"
"","40822","TC01 - Verify Email Subscription Lifecycle: Add, Verify","Surefire suite","Fri Jan 02 17:52:11 UTC 2026","passed","Fri Jan 02 17:52:52 UTC 2026","project_orangehrm.Test.Admin_Configuration_Test","Surefire test","project_orangehrm.Test.Admin_Configuration_Test","verifyEmailSubscription_Lifecycle_Success"
"","10026","TC01 - Generate Employee Performance Report","Surefire suite","Fri Jan 02 17:51:54 UTC 2026","broken","Fri Jan 02 17:52:04 UTC 2026","project_orangehrm.Test.Performance_Reports_Test","Surefire test","project_orangehrm.Test.Performance_Reports_Test","verifyPerformanceReport_Generate"
"","30390","TC02 - Verify Purge Candidate Records Search & Delete","Surefire suite","Fri Jan 02 17:53:38 UTC 2026","broken","Fri Jan 02 17:54:08 UTC 2026","project_orangehrm.Test.Maintenance_PurgeRecords_Test","Surefire test","project_orangehrm.Test.Maintenance_PurgeRecords_Test","verifyPurgeCandidate_Lifecycle"
"","27319","TC10 - Verify updating an existing Job Title","Surefire suite","Fri Jan 02 17:57:57 UTC 2026","passed","Fri Jan 02 17:58:24 UTC 2026","project_orangehrm.Test.AdminJobTest","Surefire test","project_orangehrm.Test.AdminJobTest","verifyJobTitle_Update_Success"
"","1","TC01 - Verify Cancel Button on Password Screen","Surefire suite","Fri Jan 02 17:54:33 UTC 2026","skipped","Fri Jan 02 17:54:33 UTC 2026","project_orangehrm.Test.Maintenance_Safety_Test","Surefire test","project_orangehrm.Test.Maintenance_Safety_Test","verifyAccess_Cancel_Redirection"
"","19054","TC13 - Verify My Claims View Details","Surefire suite","Fri Jan 02 17:59:05 UTC 2026","broken","Fri Jan 02 17:59:24 UTC 2026","project_orangehrm.Test.Claim_EmployeeClaims_Test","Surefire test","project_orangehrm.Test.Claim_EmployeeClaims_Test","verifyMyClaims_ViewDetails_Success"
"","19130","TC04 - Verify My Reviews Filter by Job Title","Surefire suite","Fri Jan 02 17:54:03 UTC 2026","broken","Fri Jan 02 17:54:23 UTC 2026","project_orangehrm.Test.Performance_MyReviews_Test","Surefire test","project_orangehrm.Test.Performance_MyReviews_Test","verifyMyReviews_FilterByJobTitle_Success"
"","14297","TC02 - Verify Custom Field Lifecycle: Create, Verify","Foundation_Suite","Fri Jan 02 17:46:32 UTC 2026","failed","Fri Jan 02 17:46:46 UTC 2026","project_orangehrm.Test.PIM_Configuration_Test","Foundation_Data_Seeding","project_orangehrm.Test.PIM_Configuration_Test","verifyCustomField_Lifecycle_Success"
"","0","setup","Surefire suite","Fri Jan 02 17:54:05 UTC 2026","broken","Fri Jan 02 17:54:05 UTC 2026","project_orangehrm.Test.Recruitment_CandidateWorkflow_Test","Surefire test","project_orangehrm.Test.Recruitment_CandidateWorkflow_Test","setup"
"","0","setup","Surefire suite","Fri Jan 02 17:52:53 UTC 2026","broken","Fri Jan 02 17:52:53 UTC 2026","project_orangehrm.Test.Claim_Operations_Test","Surefire test","project_orangehrm.Test.Claim_Operations_Test","setup"
"","2799","TC19 - Verify validation error for empty Membership Name","Surefire suite","Fri Jan 02 18:02:08 UTC 2026","passed","Fri Jan 02 18:02:11 UTC 2026","project_orangehrm.Test.Admin_Qualifications_Test","Surefire test","project_orangehrm.Test.Admin_Qualifications_Test","verifyMemberships_EmptyFields_ShowError"
"","32705","TC02 - Verify Validation for Access Records","Surefire suite","Fri Jan 02 17:53:14 UTC 2026","broken","Fri Jan 02 17:53:46 UTC 2026","project_orangehrm.Test.Maintenance_AccessRecords_Test","Surefire test","project_orangehrm.Test.Maintenance_AccessRecords_Test","verifyAccessRecords_Validation_Error"
"","28571","TC09 - Verify Immigration Record Delete","Surefire suite","Fri Jan 02 17:58:31 UTC 2026","passed","Fri Jan 02 17:58:59 UTC 2026","project_orangehrm.Test.PIM_EmployeeDetails_Test","Surefire test","project_orangehrm.Test.PIM_EmployeeDetails_Test","verifyImmigration_Delete_Success"
"","26661","TC02 - Verify Logout Functionality","Surefire suite","Fri Jan 02 17:52:28 UTC 2026","failed","Fri Jan 02 17:52:55 UTC 2026","project_orangehrm.Test.Dashboard_UserActions_Test","Surefire test","project_orangehrm.Test.Dashboard_UserActions_Test","verifyUserMenu_Logout"
"","2477","TC08 - Verify Search by User Role Filter","Surefire suite","Fri Jan 02 17:57:58 UTC 2026","passed","Fri Jan 02 17:58:00 UTC 2026","project_orangehrm.Test.AdminUserManagementTest","Surefire test","project_orangehrm.Test.AdminUserManagementTest","verifyUserManagement_SearchByRole_Success"
"","0","TC20 - Verify Manage Reviews Reset Filters","Surefire suite","Fri Jan 02 17:59:21 UTC 2026","skipped","Fri Jan 02 17:59:21 UTC 2026","project_orangehrm.Test.Performance_MyReviews_Test","Surefire test","project_orangehrm.Test.Performance_MyReviews_Test","verifyManageReviews_ResetFilters_Success"
"","0","TC04 - Verify Employee Record Lifecycle: Create, Edit, Delete","Surefire suite","Fri Jan 02 17:53:23 UTC 2026","skipped","Fri Jan 02 17:53:23 UTC 2026","project_orangehrm.Test.Time_Attendance_Test","Surefire test","project_orangehrm.Test.Time_Attendance_Test","verifyEmployeeRecords_Search"
"","15197","TC10 - Verify My Trackers Edit Log","Surefire suite","Fri Jan 02 17:57:38 UTC 2026","broken","Fri Jan 02 17:57:53 UTC 2026","project_orangehrm.Test.Performance_MyReviews_Test","Surefire test","project_orangehrm.Test.Performance_MyReviews_Test","verifyMyTrackers_EditLog_Success"
"","0","TC13 - Verify Search by Job Title","Surefire suite","Fri Jan 02 17:54:34 UTC 2026","skipped","Fri Jan 02 17:54:34 UTC 2026","project_orangehrm.Test.Recruitment_CandidateWorkflow_Test","Surefire test","project_orangehrm.Test.Recruitment_CandidateWorkflow_Test","verifyCandidate_SearchByJobTitle_Success"
"","21145","TC11 - Verify OAuth Client Validation Errors","Surefire suite","Fri Jan 02 17:59:27 UTC 2026","failed","Fri Jan 02 17:59:48 UTC 2026","project_orangehrm.Test.Admin_Configuration_Test","Surefire test","project_orangehrm.Test.Admin_Configuration_Test","verifyOAuthClient_EmptyFields_ShowError"
"","37988","TC07 - Verify Expense Type Lifecycle: Create, Edit, Delete","Surefire suite","Fri Jan 02 17:55:31 UTC 2026","failed","Fri Jan 02 17:56:09 UTC 2026","project_orangehrm.Test.Claim_Configuration_Test","Surefire test","project_orangehrm.Test.Claim_Configuration_Test","verifyExpenseType_Lifecycle_Edit"
"","6","setUp","Surefire suite","Fri Jan 02 17:54:33 UTC 2026","broken","Fri Jan 02 17:54:33 UTC 2026","project_orangehrm.Test.Maintenance_Safety_Test","Surefire test","project_orangehrm.Test.Maintenance_Safety_Test","setUp"
"","33312","TC02 - Verify updating an existing Location","Surefire suite","Fri Jan 02 17:52:10 UTC 2026","failed","Fri Jan 02 17:52:43 UTC 2026","project_orangehrm.Test.AdminOrganizationTest","Surefire test","project_orangehrm.Test.AdminOrganizationTest","verifyLocation_Update_Success"
"","11453","TC07 - Cleanup Skill - Java Automation","Surefire suite","Fri Jan 02 18:23:40 UTC 2026","passed","Fri Jan 02 18:23:52 UTC 2026","project_orangehrm.TestCleaning.AdminTestCleaning","Surefire test","project_orangehrm.TestCleaning.AdminTestCleaning","cleanUpSkill"
"","6867","TC06 - Verify Reset Button functionality","Surefire suite","Fri Jan 02 17:56:10 UTC 2026","passed","Fri Jan 02 17:56:17 UTC 2026","project_orangehrm.Test.AdminOrganizationTest","Surefire test","project_orangehrm.Test.AdminOrganizationTest","verifyLocation_ResetFilter_Success"
"","0","TC10 - Verify Leave List View Details","Surefire suite","Fri Jan 02 17:54:26 UTC 2026","skipped","Fri Jan 02 17:54:26 UTC 2026","project_orangehrm.Test.Leave_LeaveList_Test","Surefire test","project_orangehrm.Test.Leave_LeaveList_Test","verifyLeaveList_ViewDetails_Success"
"","8030","TC01 - Verify Skill Lifecycle: Create","Foundation_Suite","Fri Jan 02 17:45:14 UTC 2026","passed","Fri Jan 02 17:45:22 UTC 2026","project_orangehrm.Test.Admin_Qualifications_Test","Foundation_Data_Seeding","project_orangehrm.Test.Admin_Qualifications_Test","verifySkills_Lifecycle_Success"
"","13290","TC01 - Cleanup Custom Field - Automation Badge ID","Surefire suite","Fri Jan 02 18:21:36 UTC 2026","passed","Fri Jan 02 18:21:49 UTC 2026","project_orangehrm.TestCleaning.PIMTestCleaning","Surefire test","project_orangehrm.TestCleaning.PIMTestCleaning","cleanUpCustomField_AutomationBadgeID"
"","18158","TC02 - Assign Leave Insufficient Balance Warning","Surefire suite","Fri Jan 02 17:53:19 UTC 2026","passed","Fri Jan 02 17:53:37 UTC 2026","project_orangehrm.Test.Leave_Operations_Test","Surefire test","project_orangehrm.Test.Leave_Operations_Test","verifyAssignLeave_InsufficientBalance_Check"
